Applicant_ID,Age,Annual_Income,Credit_Score,Loan_Amount,Loan_Term_Months,Employment_Years,Existing_Loans,Default,Loan_to_Income,Credit_Risk_Level_Fair,Credit_Risk_Level_Good,Credit_Risk_Level_Excellent,Risk_Score,Risk_Category
1,59,46727,683,28892,60,22,4,0,0.6183148928884799,False,True,False,45.19758511290411,Medium Risk
2,49,64304,744,35477,180,21,4,1,0.5517075143070416,False,False,True,77.1622409026264,High Risk
3,35,62477,724,20557,36,18,1,0,0.3290330841749764,False,True,False,8.091334021068063,Low Risk
4,63,68534,460,14881,120,29,1,1,0.2171331018180757,False,False,False,96.21464713976194,High Risk
5,28,46877,477,11980,180,25,1,1,0.2555624293363483,False,False,False,95.10424408975811,High Risk
6,41,53994,789,11185,60,1,2,0,0.2071526465903619,False,False,True,7.534101954466528,Low Risk
7,59,67640,626,29998,60,25,3,0,0.4434949733885275,True,False,False,53.76857050525733,Medium Risk
8,39,78709,588,7879,180,3,2,1,0.1001029107217726,True,False,False,19.14628097222594,Low Risk
9,43,74488,653,29741,36,2,4,0,0.3992723660186876,True,False,False,49.29205007501697,Medium Risk
10,31,61230,327,13052,36,6,0,1,0.21316348195329088,False,False,False,97.61443987520053,High Risk
11,31,52689,342,14518,120,23,3,1,0.2755413843496745,False,False,False,98.41866906450474,High Risk
12,44,66057,722,18787,60,17,0,0,0.2844058918812541,False,True,False,7.977166275880313,Low Risk
13,56,43629,476,14370,180,9,4,1,0.3293680808636457,False,False,False,98.47702044762512,High Risk
14,60,47744,828,27455,36,6,4,0,0.5750460790884718,False,False,True,38.57626150965073,Medium Risk
15,44,82646,793,34506,120,7,0,1,0.41751566923989064,False,False,True,52.763054960957035,Medium Risk
16,23,66030,497,14740,60,5,0,1,0.2232318643041042,False,False,False,92.75202356303214,High Risk
17,42,54787,816,16542,60,21,0,0,0.3019329402960556,False,False,True,7.403092582864064,Low Risk
18,22,72437,813,18693,120,25,4,0,0.25805872689371456,False,False,True,9.243538369509622,Low Risk
19,44,79304,321,24328,120,0,1,1,0.30676888933723395,False,False,False,99.68027649462873,High Risk
20,64,53330,411,18772,36,3,0,1,0.3519969998124883,False,False,False,98.72429382899024,High Risk
21,50,53588,356,31098,180,13,3,1,0.5803164887661417,False,False,False,99.9057005476413,High Risk
22,58,51710,365,29172,60,16,4,1,0.5641461999613228,False,False,False,99.77033572651152,High Risk
23,22,74457,397,10516,180,19,2,1,0.14123588111258847,False,False,False,96.26831062987651,High Risk
24,41,74603,443,24167,60,17,2,1,0.32394139645858744,False,False,False,98.34755550487814,High Risk
25,53,80788,734,32162,60,10,3,1,0.3981036787641729,False,True,False,31.927298937588155,Medium Risk
26,32,75129,385,16041,180,28,1,1,0.21351275805614342,False,False,False,98.01118865486458,High Risk
27,42,35516,643,17645,120,20,0,1,0.4968183353981304,True,False,False,31.648821068730186,Medium Risk
28,64,64214,593,15775,36,25,4,1,0.2456629395458934,True,False,False,21.188531869471184,Low Risk
29,45,44124,542,15943,60,13,0,1,0.36132263620705285,False,False,False,94.07964764404191,High Risk
30,47,52306,331,6652,120,8,4,1,0.12717470271097006,False,False,False,97.69770971411161,High Risk
31,62,62558,690,9373,60,26,2,0,0.149828958726302,False,True,False,3.9404726987733576,Low Risk
32,48,72533,576,20619,36,14,0,1,0.28427060786124936,False,False,False,92.69102679805415,High Risk
33,36,46637,831,32108,60,11,3,1,0.6884662392520959,False,False,True,46.73668828898173,Medium Risk
34,35,25129,453,15093,36,9,1,1,0.6006207966890843,False,False,False,97.91702257563746,High Risk
35,64,62707,682,14857,36,18,3,0,0.23692729679302152,False,True,False,8.676930406125976,Low Risk
36,23,99653,367,33612,60,23,1,1,0.33729039767994945,False,False,False,99.40371916224314,High Risk
37,57,56957,513,11133,60,18,0,1,0.19546324420176625,False,False,False,90.19949477365418,High Risk
38,27,60703,675,6710,36,5,0,0,0.11053819415844357,False,True,False,2.620453943698184,Low Risk
39,41,86732,512,13371,120,19,1,1,0.1541645528755246,False,False,False,91.8458206262335,High Risk
40,29,68854,378,14697,180,23,2,1,0.21345165132018473,False,False,False,98.12385612656587,High Risk
41,59,63252,680,6020,36,26,4,0,0.09517485613103142,False,True,False,2.579345950237782,Low Risk
42,38,66631,357,18975,60,5,3,1,0.2847773558853987,False,False,False,98.910619584429,High Risk
43,24,63753,325,27587,60,7,3,1,0.43271689175411354,False,False,False,99.65012084047537,High Risk
44,45,42903,746,9712,120,0,3,0,0.22637111623895764,False,False,True,14.687522735988551,Low Risk
45,34,39878,365,20700,180,21,0,1,0.5190832037715031,False,False,False,99.53939205997713,High Risk
46,29,88302,553,23167,36,16,3,1,0.26236098842608324,False,False,False,93.70934990499184,High Risk
47,46,62758,343,19332,36,16,4,1,0.3080404091908601,False,False,False,98.88848942281896,High Risk
48,22,61501,396,21485,180,23,4,1,0.34934391310710394,False,False,False,99.12224392838127,High Risk
49,40,58646,526,21578,36,14,1,1,0.3679364321522354,False,False,False,96.0512033576289,High Risk
50,48,71716,735,13498,180,6,0,0,0.18821462435160913,False,True,False,9.32105252397395,Low Risk
51,27,98080,678,31988,60,18,4,1,0.32614192495921696,False,True,False,27.29930669707902,Low Risk
52,64,67859,477,29982,180,21,2,1,0.4418279078677847,False,False,False,99.59695490628681,High Risk
53,28,51178,726,29519,36,24,0,0,0.5767908085505491,False,True,False,21.02786407601009,Low Risk
54,55,57998,606,28109,180,22,0,0,0.48465464326356084,True,False,False,70.0209011618208,High Risk
55,34,76064,803,7400,120,27,4,0,0.09728649558266723,False,False,True,3.033670661494723,Low Risk
56,37,51257,567,27408,60,2,2,1,0.5347172093567708,False,False,False,98.46066218395599,High Risk
57,56,72783,307,25244,60,29,1,1,0.34683923443661296,False,False,False,99.4739091826113,High Risk
58,60,25188,807,7707,180,29,4,1,0.30597903763697,False,False,True,9.622091346394267,Low Risk
59,24,56551,775,18280,36,28,2,0,0.32324804159077647,False,False,True,8.092576668010276,Low Risk
60,22,69422,596,22214,120,21,0,1,0.31998501915819194,True,False,False,32.39545135062149,Medium Risk
61,26,79051,463,33314,60,10,2,1,0.4214241439070979,False,False,False,99.26038270445125,High Risk
62,62,47722,784,25797,60,19,0,0,0.5405682913540925,False,False,True,35.46516075093836,Medium Risk
63,24,37458,371,13083,36,29,4,1,0.34927118372577287,False,False,False,96.47641198495084,High Risk
64,49,56088,537,33563,36,28,4,1,0.5983989445157609,False,False,False,99.03269260511442,High Risk
65,38,43118,403,20350,120,18,3,1,0.4719606660791317,False,False,False,99.19081447873725,High Risk
66,46,57764,509,17953,180,8,3,1,0.31079911363478985,False,False,False,98.19562339605257,High Risk
67,64,59900,767,17383,36,9,3,0,0.29020033388981636,False,False,True,17.052812927100234,Low Risk
68,54,40212,753,7011,180,1,4,0,0.1743509400179051,False,False,True,15.64554536019434,Low Risk
69,30,72066,567,19121,120,0,1,1,0.2653262287347709,False,False,False,95.38720952086672,High Risk
70,56,57641,685,23979,180,29,4,0,0.41600596797418504,False,True,False,35.126355287980196,Medium Risk
71,34,76206,686,16916,60,15,2,0,0.22197727213080334,False,True,False,7.657001967336656,Low Risk
72,51,32326,558,23363,180,17,4,1,0.7227309286642332,False,False,False,99.31395806462324,High Risk
73,35,44742,582,13084,120,22,4,1,0.2924321666443163,True,False,False,24.429415661295526,Low Risk
74,28,67750,339,18872,120,25,0,1,0.27855350553505537,False,False,False,98.6766019141459,High Risk
75,34,48013,785,22532,120,16,0,0,0.46928956740882677,False,False,True,26.854525972434857,Low Risk
76,43,57531,519,21517,180,5,0,1,0.37400705706488674,False,False,False,98.63327334539873,High Risk
77,60,60010,428,7156,60,13,4,1,0.11924679220129979,False,False,False,93.58791050539205,High Risk
78,41,62373,819,16487,36,22,1,0,0.26432911676526705,False,False,True,5.779653328933889,Low Risk
79,36,49836,559,33419,60,24,2,1,0.6705795007625011,False,False,False,98.99611118453284,High Risk
80,38,62239,665,16060,180,14,2,0,0.2580375648709009,True,False,False,23.38061630618285,Low Risk
81,44,48261,843,20126,180,13,1,0,0.4170240981330681,False,False,True,22.664422036435337,Low Risk
82,46,70114,823,19305,36,23,1,0,0.27533730781299026,False,False,True,7.407357994729294,Low Risk
83,45,58277,315,32545,180,21,2,1,0.5584535923263036,False,False,False,99.91725536140102,High Risk
84,61,62325,428,30322,120,2,3,1,0.4865142398716406,False,False,False,99.77694745400754,High Risk
85,49,98548,408,26460,120,23,0,1,0.26849859966716727,False,False,False,99.03749824208298,High Risk
86,35,43393,832,12214,120,22,0,0,0.2814739704560643,False,False,True,5.623132311849012,Low Risk
87,21,80828,568,22873,120,18,2,1,0.28298361953778395,False,False,False,94.887797617086,High Risk
88,45,20109,461,24543,120,24,1,1,1.220498284350291,False,False,False,99.81931080358686,High Risk
89,27,28824,559,14411,180,11,3,1,0.4999653066888704,False,False,False,96.96861306233147,High Risk
90,29,41390,401,13035,36,1,2,1,0.31493114278811307,False,False,False,97.19335424997773,High Risk
91,44,42337,805,33640,36,2,0,1,0.7945768476746109,False,False,True,62.12231374827441,High Risk
92,21,63055,546,17593,120,17,4,1,0.2790103877567203,False,False,False,94.08674923104213,High Risk
93,64,64347,836,32919,180,28,1,1,0.5115856217073057,False,False,True,51.943445478897296,Medium Risk
94,28,56177,430,27976,60,0,4,1,0.49799740107161294,False,False,False,99.47005977250073,High Risk
95,44,57751,652,23263,60,19,2,0,0.4028155356617201,True,False,False,30.370514328198876,Medium Risk
96,31,67916,495,23620,180,20,0,1,0.3477825549207845,False,False,False,98.38634575312682,High Risk
97,37,72498,681,8796,120,28,3,0,0.12132748489613507,False,True,False,3.7942372621301486,Low Risk
98,28,40101,526,21654,36,5,4,1,0.5399865340016459,False,False,False,97.7751642242095,High Risk
99,55,54571,775,31336,180,4,3,1,0.5742244049037034,False,False,True,74.33673702011784,High Risk
100,55,58956,776,25450,60,0,0,0,0.43167786145600107,False,False,True,37.12747432998527,Medium Risk
101,53,67279,564,21234,60,18,4,1,0.3156111119368599,False,False,False,95.49361817177079,High Risk
102,25,48409,671,33695,60,0,3,1,0.6960482554896816,False,True,False,61.99244408338264,High Risk
103,62,58661,785,18519,120,26,3,0,0.3156952660200133,False,False,True,18.818927803635173,Low Risk
104,59,60449,733,15043,60,20,4,0,0.24885440619365085,False,True,False,6.625273109244537,Low Risk
105,61,49432,510,21230,180,20,0,1,0.4294788800776825,False,False,False,98.76953727851769,High Risk
106,48,49075,676,26131,180,15,3,0,0.5324707080998472,False,True,False,52.07526637722955,Medium Risk
107,27,61481,694,6257,60,11,2,0,0.10177127893170247,False,True,False,2.324111283387075,Low Risk
108,29,58044,749,22278,180,26,4,0,0.3838122803390531,False,False,True,32.87823671465576,Medium Risk
109,28,67507,663,26482,60,28,1,0,0.39228524449316365,True,False,False,24.751247499424924,Low Risk
110,32,44201,756,17842,60,21,1,0,0.40365602588176736,False,False,True,14.712561799166876,Low Risk
111,54,54739,525,28855,36,7,0,1,0.5271378724492592,False,False,False,98.89623401991594,High Risk
112,53,56561,430,25129,120,25,2,1,0.44428139530772087,False,False,False,99.27780637725027,High Risk
113,43,72207,775,37131,120,15,3,1,0.5142299223067016,False,False,True,66.18894066798032,High Risk
114,44,45893,576,13995,36,27,1,1,0.30494846708648377,False,False,False,85.59403275127589,High Risk
115,57,63519,455,26645,36,0,0,1,0.4194807852768463,False,False,False,99.17564795292667,High Risk
116,55,63791,517,11861,120,3,2,1,0.18593532002947125,False,False,False,94.92244648452449,High Risk
117,64,84695,489,7077,60,9,2,1,0.08355865163232777,False,False,False,88.99228794047023,High Risk
118,60,44893,716,3715,60,10,0,0,0.08275232218831444,False,True,False,2.225645690307714,Low Risk
119,42,50141,845,24306,120,16,0,0,0.48475299654972975,False,False,True,23.129829406894817,Low Risk
120,47,45939,340,21473,60,24,3,1,0.46742419295152265,False,False,False,99.35987162893984,High Risk
121,55,34953,606,16167,36,26,0,1,0.462535404686293,True,False,False,24.560899860487922,Low Risk
122,21,86470,637,5811,60,22,3,0,0.06720249797617671,True,False,False,3.2414848936110054,Low Risk
123,55,41377,613,14476,60,6,3,0,0.34985620030451703,True,False,False,28.501950923651336,Low Risk
124,57,47755,374,20032,180,11,4,1,0.419474400586326,False,False,False,99.65372582818517,High Risk
125,34,79736,578,26345,180,20,2,1,0.3304028293368115,False,False,False,97.6514599361065,High Risk
126,23,33703,475,19867,180,6,2,1,0.589472747233184,False,False,False,99.2105249160472,High Risk
127,21,71345,572,22016,60,11,2,1,0.3085850445020674,False,False,False,93.65895195156185,High Risk
128,25,38804,588,16990,120,14,4,1,0.43784145964333576,True,False,False,38.890762414104216,Medium Risk
129,46,78700,571,33993,36,1,3,1,0.43193138500635325,False,False,False,98.84534575630897,High Risk
130,34,27451,365,11854,60,13,3,1,0.4318239772685877,False,False,False,98.23373922653379,High Risk
131,59,33697,782,14406,120,12,0,1,0.4275158025937027,False,False,True,20.48424450909626,Low Risk
132,47,51826,547,16061,60,3,4,1,0.309902365607996,False,False,False,95.2368179994429,High Risk
133,29,74577,455,24341,36,13,0,1,0.32638749212223606,False,False,False,97.63974093444139,High Risk
134,35,59535,346,11689,60,13,4,1,0.19633828840178047,False,False,False,97.35452914307872,High Risk
135,35,54964,753,21085,36,15,0,0,0.38361472964121973,False,False,True,17.777887679700687,Low Risk
136,46,80190,500,21319,60,6,1,1,0.2658560917820177,False,False,False,97.01085828469677,High Risk
137,62,92328,423,14445,36,18,2,1,0.15645308032232907,False,False,False,95.57249952045697,High Risk
138,33,70083,300,22639,60,1,2,1,0.32303126293109596,False,False,False,99.52945419073144,High Risk
139,52,50657,490,11937,36,9,3,1,0.235643642537063,False,False,False,93.63568712440599,High Risk
140,59,53727,815,11063,180,17,1,0,0.20591136672436577,False,False,True,10.129753908243874,Low Risk
141,52,40673,741,20796,60,28,2,0,0.5112974208934674,False,False,True,27.3471479126728,Low Risk
142,24,61512,442,6721,60,16,3,1,0.10926323319027181,False,False,False,87.4643459070816,High Risk
143,50,35556,490,2841,120,4,1,1,0.0799021262234222,False,False,False,88.67079893787523,High Risk
144,57,68277,832,24262,120,11,2,0,0.3553466028091451,False,False,True,25.758508666559187,Low Risk
145,43,90083,526,28391,36,5,0,1,0.3151649034779037,False,False,False,97.78305358371661,High Risk
146,59,70763,612,16265,60,21,4,0,0.22985175868744964,True,False,False,21.12785852546688,Low Risk
147,35,52962,601,14655,36,8,1,0,0.27670782825422,True,False,False,18.054269624023977,Low Risk
148,63,67904,759,28044,180,19,3,0,0.4129948162111216,False,False,True,57.35088630697387,Medium Risk
149,49,84308,700,10835,120,0,1,0,0.12851686672676377,False,True,False,7.160974107434133,Low Risk
150,56,83557,692,9093,36,21,3,0,0.1088239166078246,False,True,False,3.0745267073427187,Low Risk
151,33,44943,506,25661,36,14,1,1,0.5709676701599804,False,False,False,98.39285335746841,High Risk
152,52,67654,509,20072,120,20,3,1,0.29668607916752887,False,False,False,97.35775412564098,High Risk
153,27,57628,414,28519,60,25,2,1,0.49488096064413134,False,False,False,99.17360703138175,High Risk
154,42,72098,550,2877,36,5,0,1,0.03990401952897445,False,False,False,67.73856854454995,High Risk
155,48,65754,518,8794,120,18,2,1,0.1337409131003437,False,False,False,89.31735842891668,High Risk
156,22,24454,706,20114,60,17,0,1,0.8225239224666722,False,True,False,23.58225383875302,Low Risk
157,62,54779,742,23341,180,5,2,0,0.4260939411088191,False,False,True,57.89282434576557,Medium Risk
158,26,62978,653,26775,120,12,2,0,0.4251484645431738,True,False,False,44.4268579313259,Medium Risk
159,48,38484,849,21398,36,0,1,1,0.5560232824030766,False,False,True,20.750234823539593,Low Risk
160,48,68715,441,21317,180,22,4,1,0.3102233864512843,False,False,False,98.99670972286452,High Risk
161,64,37139,800,16884,60,22,3,1,0.45461644093809744,False,False,True,16.744259582156193,Low Risk
162,64,48023,846,32727,60,25,3,1,0.6814859546467318,False,False,True,46.1651923767514,Medium Risk
163,40,80119,841,11175,120,12,3,0,0.13948002346509566,False,False,True,4.724946840986214,Low Risk
164,50,46743,806,22872,120,6,0,0,0.48931390796482893,False,False,True,33.57150481500634,Medium Risk
165,31,68609,580,12097,120,14,3,1,0.17631797577577285,False,False,False,87.08958135049022,High Risk
166,48,33696,723,24278,60,11,3,1,0.7205009496676164,False,True,False,35.02475729959122,Medium Risk
167,45,91219,569,11703,180,26,1,1,0.1282956401626854,False,False,False,88.00223441538391,High Risk
168,59,55431,453,25950,60,25,2,1,0.4681495913838827,False,False,False,98.99938205435376,High Risk
169,53,61429,382,20896,36,0,3,1,0.34016506861580037,False,False,False,99.1582766762779,High Risk
170,21,62685,725,33957,60,14,4,1,0.5417085427135678,False,True,False,35.23188865962091,Medium Risk
171,47,69113,574,17751,36,3,3,1,0.25684024713150927,False,False,False,92.99310795199241,High Risk
172,33,37212,583,23399,180,12,0,1,0.6288025368160808,True,False,False,71.47594017160742,High Risk
173,61,59919,472,13762,120,22,0,1,0.22967673025250754,False,False,False,95.9669269813539,High Risk
174,23,50118,626,17696,120,26,0,0,0.35308671535176983,True,False,False,20.580052424727334,Low Risk
175,59,34656,362,20845,60,24,3,1,0.6014831486611265,False,False,False,99.49782874570803,High Risk
176,26,74806,372,7782,120,4,1,1,0.10402908857578269,False,False,False,95.70435615268366,High Risk
177,28,54717,674,8659,180,28,4,0,0.1582506350859879,False,True,False,5.799219043609802,Low Risk
178,47,63637,807,24798,120,1,3,0,0.3896789603532536,False,False,True,35.4878430089931,Medium Risk
179,29,62697,697,18831,60,22,1,0,0.300349299009522,False,True,False,7.9472268578413345,Low Risk
180,57,54977,419,15256,180,25,1,1,0.27749786274260146,False,False,False,98.41012875692805,High Risk
181,53,89625,736,14104,36,0,3,0,0.1573668061366806,False,True,False,5.371531451764686,Low Risk
182,62,59291,764,14412,60,15,3,0,0.24307230439695737,False,False,True,12.59668748429136,Low Risk
183,64,36630,585,20900,36,22,1,1,0.5705705705705706,True,False,False,48.57677417534978,Medium Risk
184,44,53994,564,23560,180,5,1,1,0.436344779049524,False,False,False,98.65518648712872,High Risk
185,35,67496,619,3263,60,22,1,0,0.04834360554699538,True,False,False,3.319243997164946,Low Risk
186,52,67988,675,31302,60,15,3,1,0.4604047773136436,False,True,False,42.54469449849126,Medium Risk
187,52,43683,388,30733,180,13,1,1,0.7035460018771604,False,False,False,99.90108243174747,High Risk
188,44,73942,502,1354,120,28,0,1,0.018311649671364044,False,False,False,72.59210462679944,High Risk
189,61,33556,633,28687,60,25,3,1,0.8548992728573132,True,False,False,73.16751159626124,High Risk
190,32,77162,521,28441,60,2,0,1,0.3685881651590161,False,False,False,98.28004983261647,High Risk
191,59,40209,340,20003,36,14,2,1,0.49747568952224624,False,False,False,99.43922881244677,High Risk
192,22,56606,367,9622,120,2,3,1,0.16998198070875878,False,False,False,97.26739703988129,High Risk
193,23,75968,813,28121,36,22,2,0,0.37016901853411965,False,False,True,15.510659986905173,Low Risk
194,57,61794,426,18070,36,28,1,1,0.2924232126096385,False,False,False,96.88945369254867,High Risk
195,37,72250,554,24391,120,1,1,1,0.3375916955017301,False,False,False,97.87932420020181,High Risk
196,22,69279,315,37753,120,0,4,1,0.5449414685546847,False,False,False,99.93776730854871,High Risk
197,22,79294,776,22014,180,8,1,0,0.2776250409867077,False,False,True,25.369660101579665,Low Risk
198,48,75933,361,12664,120,8,2,1,0.16677860745657355,False,False,False,98.20089526612225,High Risk
199,43,53193,731,17314,60,22,1,0,0.32549395597165043,False,True,False,6.895631309914341,Low Risk
200,57,69494,567,13684,120,6,3,1,0.1969090856764613,False,False,False,93.68250541288378,High Risk
201,52,37101,334,23467,180,2,1,1,0.632516643756233,False,False,False,99.88856507286474,High Risk
202,53,59131,793,13551,180,25,4,0,0.22916913294211158,False,False,True,13.367628048831328,Low Risk
203,21,72277,768,16217,180,17,1,0,0.2243728987091329,False,False,True,13.808244452774113,Low Risk
204,39,62007,624,9724,120,10,2,0,0.15682100408018448,True,False,False,13.088179558745061,Low Risk
205,22,66699,603,18943,120,6,2,0,0.28400725648060693,True,False,False,31.78924413705577,Medium Risk
206,64,56800,575,21414,36,8,1,1,0.3770070422535211,False,False,False,96.20873358079159,High Risk
207,46,76936,500,1478,36,0,2,1,0.019210772590204844,False,False,False,76.84981084301032,High Risk
208,52,58793,744,22076,60,28,2,0,0.3754868776895209,False,False,True,22.523695828969835,Low Risk
209,26,53018,623,19634,36,13,4,0,0.37032705873476934,True,False,False,24.23919832585456,Low Risk
210,52,73297,334,13880,60,19,3,1,0.18936654979057807,False,False,False,98.01153149549178,High Risk
211,24,38922,781,36229,180,5,4,1,0.9308103386259698,False,False,True,87.07180510237441,High Risk
212,31,67515,779,27667,36,6,0,0,0.40979041694438273,False,False,True,27.02706368357088,Low Risk
213,37,44362,364,11228,120,9,4,1,0.2530994995717055,False,False,False,98.2699204752087,High Risk
214,58,79168,307,26705,36,6,1,1,0.3373206345998383,False,False,False,99.66720413494993,High Risk
215,44,56084,600,29955,60,25,3,0,0.5341095499607731,True,False,False,59.83965714436428,Medium Risk
216,25,62024,642,21056,36,1,1,0,0.3394814910357281,True,False,False,24.227703544733195,Low Risk
217,54,66188,730,22891,180,29,0,0,0.3458481900042304,False,True,False,19.18038616651831,Low Risk
218,26,31054,723,22706,120,3,3,1,0.7311779480904231,False,True,False,37.934485961535465,Medium Risk
219,42,50241,631,3313,60,20,2,0,0.06594215879460998,True,False,False,3.8770209840657968,Low Risk
220,31,75653,737,18505,120,29,4,0,0.2446036508796743,False,True,False,6.8187213684220636,Low Risk
221,36,73016,473,18088,120,27,1,1,0.2477265256929988,False,False,False,95.97238611482337,High Risk
222,53,64245,826,31441,60,16,0,1,0.48939217059693363,False,False,True,34.418876246656765,Medium Risk
223,29,39758,325,22669,120,0,2,1,0.5701745560641883,False,False,False,99.7756997777843,High Risk
224,26,68782,705,17619,120,9,4,0,0.2561571341339304,False,True,False,11.548930376939987,Low Risk
225,36,70700,531,19279,36,18,2,1,0.2726874115983027,False,False,False,93.1442336057384,High Risk
226,49,60705,832,28187,120,14,4,0,0.464327485380117,False,False,True,36.99974935960123,Medium Risk
227,23,78347,849,18523,120,9,3,0,0.23642258159214774,False,False,True,8.724591104968336,Low Risk
228,40,49748,804,14414,120,18,2,0,0.2897402910669776,False,False,True,10.263410651633103,Low Risk
229,56,52352,478,17794,120,11,2,1,0.33989150366748166,False,False,False,98.18378238022764,High Risk
230,39,22730,431,27525,60,23,2,1,1.2109546854377475,False,False,False,99.83951655307085,High Risk
231,46,73797,754,23969,180,15,3,0,0.3247964009377075,False,False,True,40.871241492276475,Medium Risk
232,23,64707,647,20354,36,8,0,0,0.3145563849351693,True,False,False,17.988005683581466,Low Risk
233,39,34772,839,21532,120,14,4,1,0.6192338663292304,False,False,True,28.93680635441819,Low Risk
234,40,33621,705,15522,120,29,2,1,0.46167573837779957,False,True,False,11.96137980078748,Low Risk
235,52,46910,375,18448,60,26,3,1,0.3932636964399915,False,False,False,98.72034581746028,High Risk
236,27,71904,791,14693,180,27,0,0,0.2043419003115265,False,False,True,8.54817993637566,Low Risk
237,61,55494,493,17641,120,16,4,1,0.3178902223663819,False,False,False,97.8882110389948,High Risk
238,53,47928,461,30769,60,13,3,1,0.6419838090469037,False,False,False,99.62351465264479,High Risk
239,60,44908,646,11377,36,26,4,0,0.253340162109201,True,False,False,10.520031310782349,Low Risk
240,59,44236,660,14490,36,17,2,0,0.3275612623202821,True,False,False,15.252099442856643,Low Risk
241,38,30994,386,9965,120,25,0,1,0.32151384138865585,False,False,False,96.93349133661215,High Risk
242,60,41889,561,8232,120,1,3,1,0.1965193726276588,False,False,False,92.2203929704605,High Risk
243,21,43941,513,18505,180,3,0,1,0.42113288272911403,False,False,False,98.13213451152528,High Risk
244,31,70239,561,15059,180,17,2,1,0.21439656031549423,False,False,False,93.41381410922014,High Risk
245,48,57514,582,34093,120,6,0,1,0.5927774107173905,True,False,False,84.75914075913043,High Risk
246,45,47616,766,17737,60,12,0,0,0.37250084005376344,False,False,True,16.624611184289257,Low Risk
247,43,94645,679,30315,180,14,1,1,0.32030218183739234,False,True,False,43.06915575379234,Medium Risk
248,51,50041,661,27744,120,24,0,0,0.5544253711956196,True,False,False,52.60934917921977,Medium Risk
249,50,77506,748,18328,180,22,4,0,0.23647201506980106,False,False,True,25.268424225430085,Low Risk
250,62,84316,740,36881,120,27,3,1,0.4374140139475307,False,True,False,44.98551213803791,Medium Risk
251,55,36450,392,22148,36,21,1,1,0.6076268861454046,False,False,False,99.30616999008673,High Risk
252,27,61109,723,32104,120,25,3,1,0.525356330491417,False,True,False,34.6084535319516,Medium Risk
253,36,52236,441,31172,36,0,3,1,0.596753197028869,False,False,False,99.62501346962773,High Risk
254,46,51016,590,23317,180,10,2,1,0.45705268935236004,True,False,False,67.35755160796474,High Risk
255,22,68330,731,26009,120,9,2,0,0.3806380799063369,False,True,False,20.5423577280604,Low Risk
256,21,50656,348,24992,180,24,1,1,0.4933670246367656,False,False,False,99.64008714844203,High Risk
257,32,52560,601,10845,36,4,2,0,0.20633561643835616,True,False,False,12.76617045872892,Low Risk
258,25,57478,489,20458,120,15,2,1,0.355927485298723,False,False,False,97.54750990287103,High Risk
259,57,54399,435,28593,180,10,2,1,0.5256162797110241,False,False,False,99.77373301227847,High Risk
260,52,42396,703,32209,36,20,3,1,0.7597178979148976,False,True,False,50.9842799988536,Medium Risk
261,29,71938,640,14234,180,5,1,0,0.19786482804637326,True,False,False,21.90863867416761,Low Risk
262,61,75727,617,24230,60,8,3,0,0.3199651379296684,True,False,False,44.92151965861897,Medium Risk
263,55,65154,662,21206,36,12,4,0,0.3254750283942659,True,False,False,25.766782699940034,Low Risk
264,39,54351,681,19057,36,23,3,0,0.3506283233059189,False,True,False,10.721031669775014,Low Risk
265,36,49421,532,22848,36,7,4,1,0.4623135913882762,False,False,False,97.59681491424757,High Risk
266,23,49445,643,21743,120,13,0,0,0.43974112650419656,True,False,False,34.023024004798216,Medium Risk
267,40,95360,848,24331,120,23,0,0,0.2551489093959732,False,False,True,11.702409454777147,Low Risk
268,44,74067,828,31533,120,0,4,1,0.42573615780307017,False,False,True,47.68852481851122,Medium Risk
269,53,47398,482,26273,60,16,4,1,0.554306088864509,False,False,False,99.17654658313799,High Risk
270,44,62470,340,22484,60,23,3,1,0.35991676004482154,False,False,False,99.21284857968953,High Risk
271,31,54561,696,34917,36,4,4,1,0.639962610655963,False,True,False,53.69919017958561,Medium Risk
272,28,68757,793,28879,60,24,1,0,0.42001541661212677,False,False,True,22.8783830154388,Low Risk
273,56,68152,632,19260,180,1,0,0,0.2826035919708886,True,False,False,45.6623981875312,Medium Risk
274,58,76254,426,10263,36,24,0,1,0.13458966087024943,False,False,False,91.77589916228976,High Risk
275,60,47241,300,12097,36,27,4,1,0.2560699392476874,False,False,False,98.31361215608595,High Risk
276,40,61571,467,27465,180,29,2,1,0.4460703902811389,False,False,False,99.27577035713466,High Risk
277,55,33771,318,14957,36,23,2,1,0.4428947913890616,False,False,False,98.96849653666536,High Risk
278,45,41139,631,11935,60,8,4,0,0.2901140037434065,True,False,False,17.46369735006801,Low Risk
279,55,73261,755,13935,120,3,1,0,0.19021034383915045,False,False,True,16.37954922520459,Low Risk
280,45,45739,408,14500,180,16,2,1,0.31701611316382083,False,False,False,98.70629169703992,High Risk
281,49,47386,567,26805,60,16,4,1,0.5656734056472376,False,False,False,98.40550636479018,High Risk
282,38,59875,744,18746,180,20,1,0,0.31308559498956157,False,False,True,26.325119271962443,Low Risk
283,38,70421,539,9021,180,17,1,1,0.1281009926016387,False,False,False,89.56686226710862,High Risk
284,22,44087,600,20248,36,15,3,0,0.4592737088030485,True,False,False,30.785673235337512,Medium Risk
285,55,7787,402,21778,36,29,1,1,2.7967124695004495,False,False,False,99.99329874323399,High Risk
286,36,46946,549,16165,60,7,2,1,0.34433178545562987,False,False,False,94.12832506411874,High Risk
287,61,78084,752,29247,180,25,2,0,0.37455816812663284,False,False,True,53.942601494966524,Medium Risk
288,56,65147,819,16632,36,10,4,0,0.2552995533178811,False,False,True,9.579849988274182,Low Risk
289,53,79858,452,28866,36,20,4,1,0.3614666032207168,False,False,False,98.93536161367787,High Risk
290,24,43022,473,24774,180,20,1,1,0.575844916554321,False,False,False,99.27030404947273,High Risk
291,53,35409,642,27412,60,17,0,1,0.7741534638086363,True,False,False,64.079064295035,High Risk
292,34,66938,730,11211,60,22,3,0,0.16748334279482507,False,True,False,2.7678922135783965,Low Risk
293,41,63600,623,20786,180,28,0,0,0.3268238993710692,True,False,False,35.20795370215062,Medium Risk
294,40,64583,719,19577,60,23,1,0,0.30312930647383984,False,True,False,8.004372402377365,Low Risk
295,28,73994,784,8623,36,9,1,0,0.11653647593048085,False,False,True,3.051043381718937,Low Risk
296,27,66325,711,28840,180,12,0,0,0.43482849604221635,False,True,False,36.71771289112003,Medium Risk
297,23,66084,383,13460,36,16,3,1,0.20368016463894437,False,False,False,95.55672288382864,High Risk
298,37,70725,412,15123,120,17,0,1,0.21382820784729586,False,False,False,97.11086764203436,High Risk
299,53,67536,631,11893,120,9,4,0,0.17609867330016585,True,False,False,18.999337185893328,Low Risk
300,32,72861,677,25609,60,15,2,0,0.35147747080056546,False,True,False,20.232747504135105,Low Risk
301,42,75127,340,7792,120,19,4,1,0.10371770468673047,False,False,False,96.68173912195361,High Risk
302,42,82975,404,24942,36,4,2,1,0.3005965652304911,False,False,False,98.94838559510073,High Risk
303,50,50262,501,28356,120,12,1,1,0.5641637817834547,False,False,False,99.40010171188798,High Risk
304,58,67208,749,24297,36,17,3,0,0.36151946196881324,False,False,True,28.418565132339126,Low Risk
305,58,54445,565,25701,60,16,0,1,0.4720543667921756,False,False,False,97.7456988130717,High Risk
306,28,47496,509,26076,60,8,3,1,0.5490146538655887,False,False,False,98.72869520911543,High Risk
307,47,49656,417,12404,36,13,0,1,0.24979861446753665,False,False,False,95.65079983074955,High Risk
308,47,67424,676,31477,120,16,4,1,0.4668515662078785,False,True,False,50.63596727346133,Medium Risk
309,54,66273,839,16319,60,28,4,0,0.24623904154029544,False,False,True,6.174793548748204,Low Risk
310,41,66006,383,19468,180,3,0,1,0.2949428839802442,False,False,False,99.3441156460786,High Risk
311,50,56614,753,17338,60,17,3,0,0.30624933761967005,False,False,True,16.3259556831513,Low Risk
312,53,60051,813,23932,120,26,0,0,0.39852791793642073,False,False,True,22.08687702398793,Low Risk
313,48,72266,686,15695,180,19,1,0,0.2171837378573603,False,True,False,13.58268637992519,Low Risk
314,53,37659,649,20535,120,23,4,1,0.5452879789691707,True,False,False,44.44717474656385,Medium Risk
315,25,60369,595,10117,36,23,1,1,0.16758601268863157,True,False,False,7.109900153119544,Low Risk
316,39,61349,557,29317,180,14,4,1,0.4778724999592495,False,False,False,99.18867298110642,High Risk
317,24,71299,380,25365,120,10,4,1,0.3557553401870994,False,False,False,99.41836034760856,High Risk
318,55,39746,567,17661,180,11,2,1,0.4443466009158154,False,False,False,97.9245517929017,High Risk
319,37,82427,718,16246,120,8,1,0,0.19709561187474978,False,True,False,8.401814069584244,Low Risk
320,64,63204,534,25157,180,12,1,1,0.39802860578444405,False,False,False,99.08076251268645,High Risk
321,48,63998,610,14341,120,14,2,0,0.22408512766023939,True,False,False,23.264350068986218,Low Risk
322,50,53979,656,21002,36,26,3,0,0.3890772337390467,True,False,False,22.207580333791267,Low Risk
323,49,68070,512,29291,180,14,1,1,0.4303070368738064,False,False,False,99.3656477028303,High Risk
324,26,60719,348,13509,180,27,0,1,0.2224839012500206,False,False,False,98.08207775267933,High Risk
325,55,78134,426,22948,180,4,2,1,0.29370056569483194,False,False,False,99.44229000506996,High Risk
326,61,38377,522,22525,180,22,1,1,0.5869400943273315,False,False,False,99.16661802820748,High Risk
327,57,62633,578,19221,36,18,3,1,0.30688295307585456,False,False,False,93.24662104921146,High Risk
328,44,66127,707,15969,180,25,1,0,0.2414898604201007,False,True,False,10.880492679940774,Low Risk
329,49,57204,804,29718,60,19,4,0,0.5195091252359975,False,False,True,38.01990057546995,Medium Risk
330,51,53930,593,15219,36,25,0,1,0.28219914704246246,True,False,False,17.081494492750842,Low Risk
331,55,54555,576,5503,60,24,2,1,0.1008706809641646,False,False,False,71.73750078944614,High Risk
332,53,62619,737,25124,180,25,4,0,0.4012200769734426,False,True,False,28.21149837219489,Low Risk
333,41,32850,406,10389,120,25,3,1,0.31625570776255707,False,False,False,96.98191102572315,High Risk
334,52,74475,719,25535,60,13,4,0,0.3428667338032897,False,True,False,20.302633279295783,Low Risk
335,43,52798,728,30679,180,27,4,1,0.5810636766544187,False,True,False,47.24015495461225,Medium Risk
336,53,61917,674,25037,60,16,3,0,0.40436390652001875,False,True,False,27.54139587214837,Low Risk
337,23,65506,372,28571,180,17,4,1,0.43615851983024456,False,False,False,99.71944386519289,High Risk
338,38,52112,329,36160,180,20,2,1,0.6938900828983727,False,False,False,99.94757496975345,High Risk
339,45,58034,487,27734,180,2,1,1,0.4778922700485922,False,False,False,99.57214759632976,High Risk
340,62,29471,663,22644,120,1,4,1,0.768348546028299,True,False,False,71.93267834652517,High Risk
341,51,70981,750,33071,60,0,2,1,0.4659134134486694,False,False,True,60.75866317359316,High Risk
342,23,76201,494,34038,36,9,1,1,0.44668705135103215,False,False,False,98.98447201023649,High Risk
343,60,34485,455,34150,36,18,1,1,0.9902856314339568,False,False,False,99.85005508445029,High Risk
344,44,53902,471,16062,36,16,4,1,0.2979852324589069,False,False,False,95.82080414839315,High Risk
345,52,41551,340,9167,36,11,2,1,0.22062044234795794,False,False,False,97.25876589777572,High Risk
346,42,57333,362,15574,180,0,4,1,0.2716411141925244,False,False,False,99.36280242323393,High Risk
347,43,69729,322,25629,60,11,3,1,0.3675515208880093,False,False,False,99.59273160472327,High Risk
348,22,74809,659,21273,60,16,1,0,0.2843641807803874,True,False,False,16.423507028466602,Low Risk
349,47,76827,374,18348,120,23,4,1,0.23882228903900973,False,False,False,98.67626390004763,High Risk
350,62,79658,417,24483,60,2,1,1,0.3073514273519295,False,False,False,99.19667681352439,High Risk
351,22,56663,679,8233,60,10,2,0,0.14529763690591743,False,True,False,3.311795484816291,Low Risk
352,46,42795,589,21129,60,16,0,1,0.49372590255871013,True,False,False,43.551573198583995,Medium Risk
353,37,58281,739,28947,120,22,4,0,0.4966798785195861,False,True,False,29.435148453274824,Low Risk
354,60,69499,306,24394,36,25,4,1,0.3509978560842602,False,False,False,99.50689613300884,High Risk
355,53,41591,495,25534,60,2,1,1,0.6139308985116972,False,False,False,99.28971822265844,High Risk
356,29,84902,720,32778,120,7,2,1,0.38606864384820144,False,True,False,36.34572670239975,Medium Risk
357,63,73468,492,19470,120,19,3,1,0.26501333914085046,False,False,False,97.73901932865434,High Risk
358,59,56901,447,14775,180,3,2,1,0.25966151737227816,False,False,False,98.70776947055165,High Risk
359,49,49336,501,29516,120,20,4,1,0.5982649586508837,False,False,False,99.46805489703061,High Risk
360,62,49963,743,29368,36,21,3,0,0.5877949682765247,False,False,True,52.25532922039087,Medium Risk
361,46,61113,718,24466,60,6,2,0,0.40034035311635824,False,True,False,21.38121512058425,Low Risk
362,55,56558,726,18717,120,13,0,0,0.33093461579263767,False,True,False,14.35690846597321,Low Risk
363,45,74257,778,20011,36,13,1,0,0.2694830117026004,False,False,True,12.73469837867007,Low Risk
364,44,54855,774,9785,120,3,2,0,0.17837936377723088,False,False,True,9.684129458791316,Low Risk
365,33,67582,425,28903,120,15,2,1,0.42767304903672576,False,False,False,99.4459411235049,High Risk
366,27,59566,694,28621,120,23,0,0,0.48049222710942485,False,True,False,29.230457887102716,Low Risk
367,56,64045,624,9506,120,28,4,0,0.14842688734483567,True,False,False,11.739557580860719,Low Risk
368,40,56549,691,26941,120,21,1,0,0.4764186811437868,False,True,False,31.775676616111138,Medium Risk
369,21,70615,739,23232,36,29,2,0,0.32899525596544643,False,True,False,6.282630256004353,Low Risk
370,28,70838,503,11824,60,0,3,1,0.16691606200062115,False,False,False,91.6124401017504,High Risk
371,36,66898,785,10351,60,16,2,0,0.1547280935155012,False,False,True,4.411289484930666,Low Risk
372,34,69112,330,22987,60,24,1,1,0.33260504688042597,False,False,False,99.05982394950216,High Risk
373,32,45834,687,16818,60,9,2,0,0.3669328446131693,False,True,False,11.84970743544891,Low Risk
374,43,64848,733,34559,36,21,0,1,0.5329231433506045,False,True,False,30.777949757667304,Medium Risk
375,35,78738,675,27620,180,15,2,0,0.3507836114709543,False,True,False,38.68474255128921,Medium Risk
376,48,67371,643,23789,180,15,2,0,0.35310445147021713,True,False,False,49.6001315444733,Medium Risk
377,54,44539,742,24184,36,25,3,0,0.5429847998383439,False,False,True,34.65994047612458,Medium Risk
378,22,59253,374,30646,36,7,0,1,0.5172058798710614,False,False,False,99.56860934351273,High Risk
379,52,65624,454,26772,120,28,0,1,0.4079605022552725,False,False,False,99.02025487135053,High Risk
380,43,48639,729,23998,120,6,2,0,0.49339007792100986,False,True,False,29.205450004832606,Low Risk
381,42,39625,662,12157,120,27,3,1,0.306801261829653,True,False,False,13.329629708549811,Low Risk
382,45,55258,747,44495,60,5,2,1,0.8052227731731152,False,False,True,89.01026041343609,High Risk
383,42,48887,533,11174,120,15,2,1,0.2285679219424387,False,False,False,92.08695201440113,High Risk
384,42,59785,561,17499,180,19,1,1,0.2926988375010454,False,False,False,95.80386704895805,High Risk
385,62,36128,424,6762,60,15,1,1,0.18716784765279007,False,False,False,94.01708959796824,High Risk
386,26,68470,544,24310,120,6,3,1,0.35504600554987586,False,False,False,97.79030389210736,High Risk
387,35,50480,841,21208,60,8,4,0,0.4201267828843106,False,False,True,15.46921224587232,Low Risk
388,63,74936,784,26122,180,13,1,0,0.3485907974805167,False,False,True,45.181026275145506,Medium Risk
389,57,55846,421,6087,120,10,4,1,0.10899616803352076,False,False,False,95.26744233398266,High Risk
390,53,59619,424,28903,180,25,0,1,0.4847951156510508,False,False,False,99.65222789824357,High Risk
391,28,57404,848,13540,180,25,1,0,0.23587206466448332,False,False,True,6.099043137678393,Low Risk
392,64,49677,469,18807,180,13,1,1,0.3785856633854701,False,False,False,99.01785748800644,High Risk
393,64,97084,423,27452,120,6,3,1,0.28276544023732025,False,False,False,99.50379888195796,High Risk
394,25,52562,334,22090,36,0,4,1,0.42026559111144934,False,False,False,99.4235361986138,High Risk
395,59,75352,386,22655,120,25,1,1,0.3006555897653679,False,False,False,99.12476712566438,High Risk
396,24,43595,500,26393,180,24,1,1,0.6054134648468861,False,False,False,99.19847791844506,High Risk
397,26,65581,668,23430,120,12,3,0,0.3572681111907412,True,False,False,31.83919812883263,Medium Risk
398,52,67183,376,17271,180,19,3,1,0.2570739621630472,False,False,False,99.115556334335,High Risk
399,50,59637,358,18668,36,2,4,1,0.3130271475761692,False,False,False,99.07133417322015,High Risk
400,55,51434,730,21695,60,19,0,0,0.42180269860403624,False,True,False,14.05146152659554,Low Risk
401,60,56050,799,12835,36,3,0,0,0.22899197145405886,False,False,True,8.183655722545621,Low Risk
402,36,53950,408,27968,36,28,2,1,0.5184059314179796,False,False,False,99.15199622970525,High Risk
403,33,96030,577,22309,60,25,1,1,0.23231281891075706,False,False,False,90.59355876856145,High Risk
404,62,59660,367,20598,120,10,4,1,0.3452564532349983,False,False,False,99.50888241015767,High Risk
405,50,67873,368,29539,60,1,1,1,0.43520987727078514,False,False,False,99.71203064360125,High Risk
406,39,86724,464,19039,120,13,4,1,0.21953553802868872,False,False,False,97.54217667876544,High Risk
407,37,46855,788,18540,120,11,4,0,0.39568882723295273,False,False,True,22.437053844944693,Low Risk
408,39,60564,604,16122,180,29,4,0,0.2661977412324153,True,False,False,29.22009838924835,Low Risk
409,48,55962,664,22744,180,16,1,0,0.40641864122082844,True,False,False,45.197323151879566,Medium Risk
410,46,58707,678,22467,60,11,3,0,0.38269712300066433,False,True,False,22.220054861747457,Low Risk
411,57,57314,642,14669,36,25,1,0,0.2559409568342813,True,False,False,12.154451142281467,Low Risk
412,46,49021,653,18578,60,11,4,0,0.37898043695559047,True,False,False,26.633973910230246,Low Risk
413,43,62931,715,14723,120,0,2,0,0.23395464874227329,False,True,False,11.057171759285549,Low Risk
414,29,44060,408,14361,180,12,0,1,0.32594189741261914,False,False,False,98.44380048995812,High Risk
415,32,74833,796,6160,60,13,4,0,0.08231662501837425,False,False,True,2.587751362165816,Low Risk
416,21,69349,640,18152,60,23,2,0,0.26174854720327617,True,False,False,12.9427324688415,Low Risk
417,21,52598,682,6382,180,29,3,0,0.12133541199285144,False,True,False,3.6209750135901575,Low Risk
418,54,53325,832,16297,180,1,4,0,0.3056165025785279,False,False,True,22.408554798820038,Low Risk
419,52,64132,599,15098,180,11,2,1,0.23542069481694006,True,False,False,36.56022183918798,Medium Risk
420,45,48021,438,28415,120,25,4,1,0.5917202890402116,False,False,False,99.58409113025692,High Risk
421,60,87179,658,11880,180,20,1,0,0.1362713497516604,True,False,False,15.148687494034752,Low Risk
422,21,65368,798,13910,36,27,2,0,0.2127952514992045,False,False,True,3.5883434574748794,Low Risk
423,36,65898,684,16947,60,15,1,0,0.25717017208413,False,True,False,8.46621404675588,Low Risk
424,59,70221,579,15358,180,3,1,1,0.21870950285527122,False,False,False,95.89248112214388,High Risk
425,25,51308,782,30954,180,7,2,1,0.603297731347938,False,False,True,63.695302412186564,High Risk
426,42,76335,410,10891,120,1,0,1,0.1426737407480186,False,False,False,96.70654903584813,High Risk
427,49,61718,438,16964,120,9,2,1,0.2748630869438413,False,False,False,98.24602624194337,High Risk
428,23,74252,734,22656,60,8,0,0,0.3051230943274255,False,True,False,9.518617646507074,Low Risk
429,32,57030,808,27049,36,22,4,0,0.4742942311064352,False,False,True,21.819148798798793,Low Risk
430,46,79759,572,16958,60,14,4,1,0.21261550420642183,False,False,False,91.22712206837816,High Risk
431,36,66020,398,4655,180,12,2,1,0.07050893668585277,False,False,False,94.82888206962866,High Risk
432,57,92737,403,18799,36,22,4,1,0.20271304872920193,False,False,False,97.48280645047282,High Risk
433,42,54457,513,30816,36,16,3,1,0.5658776649466551,False,False,False,99.03697143566833,High Risk
434,49,63068,464,22257,36,29,1,1,0.35290480116699435,False,False,False,97.10135596101993,High Risk
435,34,44526,819,21891,36,15,1,0,0.4916453308179491,False,False,True,15.418954907238122,Low Risk
436,48,52060,583,11495,60,27,0,1,0.2208029197080292,True,False,False,12.979698545393642,Low Risk
437,25,69280,816,10674,120,1,4,0,0.15407043879907623,False,False,True,6.263600056261093,Low Risk
438,50,76939,463,20144,120,19,0,1,0.2618178037146311,False,False,False,97.7280716302696,High Risk
439,25,104475,363,8588,180,19,1,1,0.08220148360851878,False,False,False,95.86882240254684,High Risk
440,32,58550,390,26250,120,26,1,1,0.448334756618275,False,False,False,99.34694676140279,High Risk
441,36,46001,416,13226,120,13,4,1,0.28751548879372185,False,False,False,97.74878362352717,High Risk
442,46,71299,566,19802,120,2,3,1,0.27773180549516824,False,False,False,96.6700953122982,High Risk
443,46,43082,439,4913,120,22,3,1,0.1140383454807112,False,False,False,91.41388565967848,High Risk
444,41,68464,545,16849,180,11,4,1,0.2461001402196775,False,False,False,96.60539365625098,High Risk
445,59,52466,694,10513,60,7,4,0,0.20037738726032098,False,True,False,7.258557267488362,Low Risk
446,56,63173,786,1424,36,1,0,0,0.022541275544932172,False,False,True,2.1584558343859923,Low Risk
447,53,76365,775,24334,120,3,4,0,0.3186538335624959,False,False,True,37.864909601987925,Medium Risk
448,50,58338,816,33129,60,13,3,1,0.5678802838630053,False,False,True,48.010353398736086,Medium Risk
449,57,73993,483,29035,120,15,4,1,0.39240198397145676,False,False,False,99.34404686685092,High Risk
450,43,73097,319,25453,120,18,0,1,0.34820854481032054,False,False,False,99.6080531624432,High Risk
451,30,32035,823,16687,36,1,0,1,0.5208990167004839,False,False,True,13.021634562678841,Low Risk
452,25,46475,828,26447,36,11,0,0,0.5690586336740183,False,False,True,21.872445828351015,Low Risk
453,56,36572,446,29790,36,28,0,1,0.8145575850377338,False,False,False,99.5893483783448,High Risk
454,54,90026,603,21094,120,13,2,0,0.23431008819674315,True,False,False,38.167699465023375,Medium Risk
455,51,58419,527,10525,120,5,4,1,0.1801639877437135,False,False,False,93.79706844105543,High Risk
456,30,86712,401,16004,120,12,1,1,0.18456499677091984,False,False,False,97.42193199926555,High Risk
457,39,35505,716,33621,36,3,4,1,0.9469370511195606,False,True,False,67.32087303796501,High Risk
458,52,51408,515,19402,180,21,2,1,0.3774120759414877,False,False,False,98.21165184667765,High Risk
459,21,72007,706,6598,60,17,0,0,0.09162998041857041,False,True,False,1.5729432586744831,Low Risk
460,25,62689,698,8248,180,11,2,0,0.13157013192107067,False,True,False,5.409516131667641,Low Risk
461,24,67992,798,16604,120,19,3,0,0.24420520061183668,False,False,True,9.476736333178577,Low Risk
462,36,41192,764,28286,120,26,3,0,0.6866867352884055,False,False,True,52.915832689605146,Medium Risk
463,44,80652,381,17815,180,21,4,1,0.22088726875960918,False,False,False,98.91031452166416,High Risk
464,36,71655,664,28435,120,29,4,0,0.3968320424255111,True,False,False,40.1474734369033,Medium Risk
465,22,66024,462,15790,60,20,1,1,0.2391554586211075,False,False,False,93.55922702932313,High Risk
466,48,49715,347,4285,120,18,1,1,0.08619129035502364,False,False,False,95.28933829470341,High Risk
467,52,64857,810,16067,60,7,3,0,0.247729620549825,False,False,True,10.649322721513004,Low Risk
468,47,55627,628,22759,180,6,0,0,0.40913585129523433,True,False,False,56.57411653780383,Medium Risk
469,40,35242,415,22095,180,15,2,1,0.6269507973440781,False,False,False,99.64111454829275,High Risk
470,44,59243,636,9959,120,18,1,0,0.1681042486032105,True,False,False,11.094237949512957,Low Risk
471,32,57649,446,17190,60,5,1,1,0.2981838366667245,False,False,False,97.13556190260269,High Risk
472,55,75936,622,41477,120,19,0,1,0.5462099662873999,True,False,False,84.74871445269724,High Risk
473,53,26483,742,10133,36,26,0,1,0.3826228146358041,False,False,True,8.722845908014412,Low Risk
474,53,63527,312,25285,36,20,4,1,0.39801973963826404,False,False,False,99.58201233012603,High Risk
475,63,42666,793,3226,36,10,2,0,0.07561055641494398,False,False,True,2.7674128382703564,Low Risk
476,57,64788,586,26910,36,4,0,1,0.41535469531394703,True,False,False,57.46990541334822,Medium Risk
477,32,65614,413,12861,120,15,1,1,0.19600999786630902,False,False,False,96.43289699607898,High Risk
478,23,58697,779,23216,36,6,1,0,0.3955227694771453,False,False,True,18.84047532272866,Low Risk
479,21,72109,321,9667,60,26,3,1,0.13406093552815876,False,False,False,95.11303790135962,High Risk
480,53,41313,648,22326,180,4,0,0,0.5404110086413477,True,False,False,62.469810502947624,High Risk
481,60,76615,619,12730,180,10,4,0,0.16615545258761338,True,False,False,28.733998737053113,Low Risk
482,30,49378,425,14279,36,14,2,1,0.2891773664384949,False,False,False,95.78622432110495,High Risk
483,63,36661,576,23535,36,2,4,1,0.6419628488039061,False,False,False,98.64334171133929,High Risk
484,64,55914,503,16556,36,25,1,1,0.2960975784240083,False,False,False,94.54901691503308,High Risk
485,49,28572,493,23043,120,4,4,1,0.8064888702225955,False,False,False,99.62009092991178,High Risk
486,33,63812,846,18473,180,22,1,0,0.2894910048266784,False,False,True,11.40715956841118,Low Risk
487,32,56111,585,20539,36,20,1,1,0.3660423089946713,True,False,False,27.73920709424424,Low Risk
488,51,78505,356,23560,60,4,1,1,0.3001082733583848,False,False,False,99.35348362097933,High Risk
489,22,69733,602,17199,36,8,1,0,0.24664075832102447,True,False,False,17.23311341882555,Low Risk
490,55,39120,462,12031,180,14,1,1,0.30754089979550103,False,False,False,97.8140862579092,High Risk
491,43,47424,318,15741,36,2,3,1,0.33192054655870445,False,False,False,99.079499039695,High Risk
492,37,67809,669,29561,180,28,4,0,0.4359450810364406,True,False,False,53.44173585513777,Medium Risk
493,46,72706,563,20929,36,5,3,1,0.2878579484499216,False,False,False,95.08804721669777,High Risk
494,28,78337,412,13240,60,16,3,1,0.16901336533183553,False,False,False,94.81896614999144,High Risk
495,49,78217,787,23212,36,25,0,0,0.29676413055985273,False,False,True,12.986247437455226,Low Risk
496,46,58657,626,23746,60,20,0,0,0.40482806826124756,True,False,False,34.332250268511295,Medium Risk
497,30,65439,841,24159,60,7,0,0,0.3691835144180076,False,False,True,14.321534562129354,Low Risk
498,46,79481,364,12177,36,20,2,1,0.15320642669317194,False,False,False,95.81264494796436,High Risk
499,54,55450,591,14540,60,24,0,1,0.26221821460775474,True,False,False,18.626379415559622,Low Risk
500,61,65695,324,14585,120,10,4,1,0.22201080751959815,False,False,False,99.2023627063822,High Risk
501,27,55096,848,17114,36,5,3,0,0.3106214607231015,False,False,True,6.964093308178919,Low Risk
502,24,51735,300,24311,36,7,4,1,0.4699139847298734,False,False,False,99.62322748467417,High Risk
503,31,60725,848,22369,60,9,0,0,0.3683655825442569,False,False,True,11.671316646320863,Low Risk
504,49,49686,440,23001,60,23,2,1,0.46292718270740246,False,False,False,98.73263444921926,High Risk
505,56,58036,487,30832,36,28,2,1,0.5312564615066511,False,False,False,99.0498955375837,High Risk
506,45,44475,427,25511,120,2,3,1,0.5736031478358629,False,False,False,99.67274060316404,High Risk
507,41,57150,500,18865,60,22,4,1,0.3300962379702537,False,False,False,96.025507635648,High Risk
508,56,66725,426,10528,60,13,1,1,0.15778194080179841,False,False,False,94.76107996038036,High Risk
509,30,51168,556,14283,180,22,4,1,0.2791393058161351,False,False,False,94.15215643260083,High Risk
510,57,60139,846,17906,120,13,0,0,0.297743560750927,False,False,True,12.273778332901898,Low Risk
511,29,62090,493,26633,120,9,1,1,0.42894185859236594,False,False,False,98.8874279544548,High Risk
512,44,66788,403,19781,36,11,2,1,0.29617595975324906,False,False,False,98.20781307046346,High Risk
513,55,57996,834,14750,120,5,3,0,0.2543278846817022,False,False,True,12.133136775996643,Low Risk
514,55,76287,564,14136,36,11,3,1,0.18530024774863346,False,False,False,89.1087131882938,High Risk
515,56,28486,683,19443,180,22,2,1,0.6825458119778136,False,True,False,43.33256717994464,Medium Risk
516,38,104066,559,27119,120,13,0,1,0.26059423827186595,False,False,False,97.07858853306277,High Risk
517,59,46932,713,32728,60,1,2,1,0.6973493565158101,False,True,False,60.81386434982839,High Risk
518,52,66050,657,18353,180,8,0,0,0.2778652535957608,True,False,False,34.07341024242817,Medium Risk
519,44,45922,374,19642,36,9,1,1,0.4277252732894909,False,False,False,98.97935521698399,High Risk
520,43,69664,654,10288,180,25,2,0,0.14768029398254479,True,False,False,11.483559048240336,Low Risk
521,52,64148,487,35513,36,16,0,1,0.5536104009478082,False,False,False,99.46115238595402,High Risk
522,57,50239,589,8791,180,16,1,1,0.17498357849479487,True,False,False,22.955468821622052,Low Risk
523,32,76096,344,29373,36,2,2,1,0.3859992640874685,False,False,False,99.61217699509423,High Risk
524,33,57540,382,17077,120,29,3,1,0.29678484532499133,False,False,False,98.14500843143264,High Risk
525,43,68208,422,15205,60,18,2,1,0.22292106497771522,False,False,False,96.2864204103804,High Risk
526,45,46242,657,11119,36,0,4,0,0.24045240257774317,True,False,False,12.653110755411673,Low Risk
527,55,59536,827,39280,180,11,2,1,0.6597688793335125,False,False,True,79.24316150305485,High Risk
528,61,90051,365,21771,36,6,4,1,0.2417630009661192,False,False,False,99.10651593641511,High Risk
529,50,74444,674,20170,36,3,1,0,0.2709419160711407,False,True,False,15.26357751901622,Low Risk
530,37,64614,461,27093,36,9,2,1,0.4193054136874362,False,False,False,98.80571765574227,High Risk
531,40,53266,679,14793,180,12,1,0,0.2777193707055157,False,True,False,16.168305427278447,Low Risk
532,45,61012,657,20014,60,1,1,0,0.32803382941060777,True,False,False,27.191931393218805,Low Risk
533,42,62963,487,20450,120,9,0,1,0.3247939265918079,False,False,False,97.9710371540438,High Risk
534,33,66738,621,15902,60,20,1,0,0.23827504570109984,True,False,False,13.91656008986396,Low Risk
535,39,43850,749,29597,36,21,1,0,0.6749600912200684,False,False,True,47.48704807121998,Medium Risk
536,56,70026,773,18250,180,24,2,0,0.2606174849341673,False,False,True,21.98081120304163,Low Risk
537,32,43656,312,7574,60,3,2,1,0.17349276159061755,False,False,False,97.3319211314326,High Risk
538,61,84466,483,17588,36,17,3,1,0.20822579499443564,False,False,False,95.46904839780247,High Risk
539,39,48425,410,21993,120,4,0,1,0.45416623644811566,False,False,False,99.35102525780718,High Risk
540,32,64449,807,12852,120,18,1,0,0.19941348973607037,False,False,True,6.229656070441568,Low Risk
541,29,75077,589,13483,120,1,0,1,0.1795889553391851,True,False,False,21.82828999481068,Low Risk
542,27,56214,594,15629,36,11,4,1,0.27802682605756573,True,False,False,19.476907226101947,Low Risk
543,48,65109,750,29769,180,16,1,0,0.4572178961433903,False,False,True,60.37038009340523,High Risk
544,34,81527,514,16102,60,9,0,1,0.19750512100285794,False,False,False,92.35348350004999,High Risk
545,51,68466,326,31432,120,1,3,1,0.4590891829521222,False,False,False,99.89395638777005,High Risk
546,39,65333,530,15080,36,5,3,1,0.23081750417093966,False,False,False,92.5100978569983,High Risk
547,36,34728,620,22600,36,7,1,1,0.6507717115871919,True,False,False,48.77774971593978,Medium Risk
548,25,45994,532,16430,60,28,4,1,0.3572205070226551,False,False,False,92.18862804738202,High Risk
549,55,75703,736,26032,120,18,3,0,0.3438701240373565,False,True,False,22.770959059226083,Low Risk
550,32,68549,832,11053,36,10,3,0,0.1612423230098178,False,False,True,3.200410968816002,Low Risk
551,45,70821,702,25942,60,24,4,0,0.36630377995227403,False,True,False,18.991930562716856,Low Risk
552,41,69530,352,20910,180,11,0,1,0.30073349633251834,False,False,False,99.4712700898237,High Risk
553,56,79346,612,14880,180,8,3,0,0.18753308295314194,True,False,False,33.88640126256202,Medium Risk
554,43,56079,580,18670,180,1,2,1,0.33292319763191214,False,False,False,97.35510039680807,High Risk
555,36,61807,330,32270,120,7,3,1,0.5221091462132121,False,False,False,99.88084311112905,High Risk
556,59,44569,636,21102,60,25,0,0,0.4734681056339608,True,False,False,32.82305567496428,Medium Risk
557,62,40829,482,14378,60,10,0,1,0.3521516569105293,False,False,False,96.70865319684545,High Risk
558,59,35343,322,10362,36,27,1,1,0.2931839402427638,False,False,False,97.61810799993891,High Risk
559,34,46722,843,24043,36,20,2,0,0.5145969778690981,False,False,True,15.125253584738058,Low Risk
560,51,83288,745,21566,36,3,0,0,0.2589328594755547,False,False,True,21.092607505763183,Low Risk
561,25,36709,373,25560,60,9,4,1,0.6962870140837397,False,False,False,99.68159070629012,High Risk
562,55,55446,309,8302,36,20,2,1,0.14973127006456732,False,False,False,96.77210391173504,High Risk
563,43,40602,783,10621,60,19,2,0,0.2615880991084183,False,False,True,6.270900639117707,Low Risk
564,49,50985,755,29175,60,15,4,0,0.5722271256251839,False,False,True,51.937790202785884,Medium Risk
565,63,62545,459,22650,180,7,3,1,0.36213925973299227,False,False,False,99.42888694343286,High Risk
566,31,49498,313,24267,36,3,4,1,0.4902622328174876,False,False,False,99.66364151980355,High Risk
567,38,76344,477,12298,180,28,4,1,0.16108666037933564,False,False,False,94.74973015634478,High Risk
568,32,83009,711,12152,120,9,3,0,0.1463937645315568,False,True,False,5.648996827304103,Low Risk
569,29,26263,352,27930,120,11,3,1,1.0634733274949548,False,False,False,99.93152312237756,High Risk
570,30,49755,707,28307,120,28,3,0,0.5689277459551804,False,True,False,32.22835308508721,Medium Risk
571,64,60887,321,11293,60,13,3,1,0.18547473188036856,False,False,False,98.32760419420129,High Risk
572,37,76891,329,9765,60,15,3,1,0.12699795814854795,False,False,False,96.50173551484619,High Risk
573,58,53186,559,19131,60,21,4,1,0.3596999210318505,False,False,False,95.44256023024704,High Risk
574,27,59700,504,13605,36,17,1,1,0.2278894472361809,False,False,False,89.27131647862628,High Risk
575,33,42648,358,13438,180,20,1,1,0.31509097730256985,False,False,False,98.75573839583716,High Risk
576,60,37008,770,9988,60,21,0,1,0.26988759187202765,False,False,True,7.356061816586496,Low Risk
577,62,81680,765,16252,180,20,1,0,0.19897159647404505,False,False,True,19.361568624856186,Low Risk
578,29,32638,311,10762,180,11,1,1,0.32973834181015993,False,False,False,99.11037906756157,High Risk
579,47,94929,589,11236,180,17,4,1,0.1183621443394537,True,False,False,22.054997698082623,Low Risk
580,22,70877,653,22387,36,29,3,0,0.3158570481256261,True,False,False,15.057949518771382,Low Risk
581,25,70199,374,19558,36,6,3,1,0.27860795737831023,False,False,False,98.32871735806367,High Risk
582,49,68632,740,23879,120,19,4,0,0.347928080195827,False,True,False,18.609521270259958,Low Risk
583,57,56209,540,6807,120,23,1,1,0.12110160294614741,False,False,False,84.9971601033061,High Risk
584,58,65881,453,20079,180,22,4,1,0.30477679452345896,False,False,False,98.9080400156245,High Risk
585,39,57166,395,36605,120,6,0,1,0.6403281670923276,False,False,False,99.88910123483365,High Risk
586,28,68296,593,17021,180,8,3,1,0.24922396626449572,True,False,False,37.44095156119608,Medium Risk
587,21,59494,508,26597,36,0,2,1,0.44705348438498,False,False,False,98.28663145034648,High Risk
588,42,45744,642,26528,36,25,0,0,0.5799230500174887,True,False,False,40.055302158714916,Medium Risk
589,37,46941,387,26921,36,5,0,1,0.5735071685733154,False,False,False,99.5472286727637,High Risk
590,27,45235,689,21333,60,5,4,0,0.47160384657897647,False,True,False,21.631864580765736,Low Risk
591,45,74563,624,24528,180,21,1,0,0.3289567211619704,True,False,False,48.218410766535484,Medium Risk
592,24,50738,456,25592,36,28,3,1,0.5043951279120186,False,False,False,98.24437318679612,High Risk
593,56,31318,436,25083,180,11,2,1,0.8009132128488409,False,False,False,99.83488163655413,High Risk
594,26,65952,727,11060,120,21,0,0,0.16769771955361476,False,True,False,3.2358732319137995,Low Risk
595,51,82717,751,6340,120,11,2,0,0.07664688032689773,False,False,True,6.12865114281669,Low Risk
596,39,71596,440,7571,36,9,1,1,0.1057461310687748,False,False,False,89.27349075845386,High Risk
597,64,50950,382,17838,180,22,1,1,0.35010794896957803,False,False,False,99.31668104519768,High Risk
598,59,36197,476,24751,36,29,2,1,0.6837859491118048,False,False,False,99.01092175105418,High Risk
599,47,57985,497,11164,120,25,3,1,0.19253255152194534,False,False,False,92.66665385069331,High Risk
600,30,57611,720,27391,36,5,1,0,0.4754473971984517,False,True,False,22.39052396153284,Low Risk
601,46,45462,700,15981,180,16,2,0,0.35152435000659893,False,True,False,18.32794828498956,Low Risk
602,39,68265,770,16057,120,18,0,0,0.23521570350838644,False,False,True,11.848655562266513,Low Risk
603,59,87699,517,13311,60,17,2,1,0.15178052201279377,False,False,False,91.13920115306652,High Risk
604,23,63334,474,4921,120,5,2,1,0.07769918211387249,False,False,False,87.78573956139643,High Risk
605,33,62407,322,21834,60,23,4,1,0.34986459852260166,False,False,False,99.18613352871836,High Risk
606,48,45941,534,33701,36,18,1,1,0.7335713197361834,False,False,False,99.3745708057973,High Risk
607,40,80961,312,19498,36,9,3,1,0.2408320055335285,False,False,False,98.99405163119657,High Risk
608,48,58872,400,5194,180,23,3,1,0.08822530235086289,False,False,False,95.07683735516268,High Risk
609,28,51315,835,26242,60,7,4,0,0.5113904316476664,False,False,True,25.56430607836005,Low Risk
610,61,60955,822,7001,36,20,3,0,0.11485522106471988,False,False,True,2.625492422309062,Low Risk
611,59,67079,751,10327,60,23,2,0,0.15395280192012403,False,False,True,6.5474287302352066,Low Risk
612,21,62088,730,18093,36,5,4,0,0.2914089679165056,False,True,False,7.1279981762268,Low Risk
613,23,78092,832,20982,120,20,0,0,0.26868309173795013,False,False,True,9.382660016013242,Low Risk
614,33,65759,592,11930,36,24,1,1,0.18142003375963747,True,False,False,9.223660199763442,Low Risk
615,48,55740,400,17781,180,29,1,1,0.3189989235737352,False,False,False,98.78354152462087,High Risk
616,45,66017,801,25721,120,6,1,0,0.38961176666616176,False,False,True,33.56915900688246,Medium Risk
617,53,67494,603,26817,180,23,2,0,0.39732420659614187,True,False,False,63.938490139945316,High Risk
618,58,40554,839,30011,120,0,0,1,0.7400256448192534,False,False,True,61.881210036175894,High Risk
619,26,77241,654,35275,60,26,4,1,0.4566875105190249,True,False,False,49.95454178240708,Medium Risk
620,64,55486,602,26479,180,17,4,0,0.47721947878744186,True,False,False,75.09414208529485,High Risk
621,52,55870,795,18266,36,23,1,0,0.3269375335600501,False,False,True,10.308165595823988,Low Risk
622,41,71270,526,26874,60,27,0,1,0.3770731022870773,False,False,False,97.04293309679197,High Risk
623,36,71207,535,23733,36,24,0,1,0.33329588383164577,False,False,False,94.79167681772361,High Risk
624,41,49487,754,24050,120,19,0,0,0.4859862186028654,False,False,True,36.45701569931779,Medium Risk
625,31,72043,312,21417,120,11,3,1,0.297280790638924,False,False,False,99.47192538977905,High Risk
626,57,51593,509,12703,36,15,3,1,0.2462155718799062,False,False,False,92.83543064021775,High Risk
627,56,87293,696,11775,36,9,1,0,0.1348905410514016,False,True,False,4.6310999229558405,Low Risk
628,55,47577,399,19223,60,26,0,1,0.40403976711436196,False,False,False,98.46410696368487,High Risk
629,39,63592,330,21191,36,9,0,1,0.3332337400930935,False,False,False,99.10879268827777,High Risk
630,40,48269,827,14564,180,13,4,0,0.30172574530236795,False,False,True,14.43082202986042,Low Risk
631,38,93340,628,23386,180,24,4,0,0.25054638954360403,True,False,False,38.69698663607597,Medium Risk
632,61,41432,465,36646,36,19,1,1,0.8844854218961189,False,False,False,99.83103492898421,High Risk
633,34,67865,758,6045,180,9,0,0,0.08907389670669712,False,False,True,6.583104197836762,Low Risk
634,35,48976,399,24657,36,9,1,1,0.5034506697157791,False,False,False,99.2339617557758,High Risk
635,51,54688,472,19472,60,25,4,1,0.35605617320070215,False,False,False,97.32579607527768,High Risk
636,21,66803,461,23605,180,24,4,1,0.353352394353547,False,False,False,98.72476778215457,High Risk
637,23,78368,562,16554,180,10,3,1,0.21123417721518986,False,False,False,94.44710138138325,High Risk
638,36,84350,573,18831,36,22,1,1,0.22324836988737404,False,False,False,87.64897256531235,High Risk
639,43,36945,302,21036,180,1,1,1,0.5693869265123833,False,False,False,99.86533338032115,High Risk
640,31,64016,327,17586,120,24,0,1,0.27471257185703574,False,False,False,98.73162339259429,High Risk
641,32,81892,625,7835,60,19,0,0,0.09567479118839448,True,False,False,4.924213614255461,Low Risk
642,30,34720,448,18128,60,7,3,1,0.5221198156682028,False,False,False,98.46226687702799,High Risk
643,52,64715,839,8668,180,29,2,0,0.1339411264776327,False,False,True,4.397561858362852,Low Risk
644,36,59968,787,25225,180,22,2,0,0.4206410085378869,False,False,True,35.65729061530723,Medium Risk
645,28,66218,737,5075,120,28,2,0,0.07664079253375215,False,True,False,1.39754751550403,Low Risk
646,58,48415,364,28229,120,6,1,1,0.5830631002788392,False,False,False,99.84767448452375,High Risk
647,32,38465,655,23436,180,7,1,1,0.6092811646951775,True,False,False,60.40028554615806,High Risk
648,44,31303,832,23467,180,0,4,1,0.749672555346133,False,False,True,58.234362594914735,Medium Risk
649,48,74645,551,2685,120,20,1,1,0.03597025922700784,False,False,False,72.90425487451496,High Risk
650,28,76560,534,17371,36,1,1,1,0.2268939393939394,False,False,False,92.49787138943948,High Risk
651,48,64540,526,29228,120,17,1,1,0.45286643941741556,False,False,False,98.97597398098902,High Risk
652,56,51987,824,15851,36,14,3,0,0.3049031488641391,False,False,True,8.831093137558847,Low Risk
653,46,35654,612,11375,60,0,1,1,0.3190385370505413,True,False,False,21.250616418403716,Low Risk
654,28,68450,348,14906,60,4,0,1,0.21776479181884587,False,False,False,97.89658332721456,High Risk
655,48,43488,417,19453,120,1,0,1,0.44731880058866813,False,False,False,99.27709681821038,High Risk
656,48,49330,353,13189,36,19,4,1,0.26736265963916483,False,False,False,97.73987322203247,High Risk
657,57,51201,343,29870,120,2,3,1,0.5833870432218121,False,False,False,99.90387100492974,High Risk
658,61,57036,352,19482,120,18,0,1,0.34157374289922154,False,False,False,99.32611967646054,High Risk
659,56,48614,824,15555,36,17,3,0,0.3199695560949521,False,False,True,8.460245648882966,Low Risk
660,47,60501,401,9589,120,28,3,1,0.15849324804548684,False,False,False,95.39711310209488,High Risk
661,37,50672,697,23875,60,21,4,0,0.4711675086832965,False,True,False,20.614750692435706,Low Risk
662,29,70520,437,23693,180,17,3,1,0.3359756097560976,False,False,False,99.10926782599415,High Risk
663,53,75465,686,13662,180,13,1,0,0.1810375670840787,False,True,False,12.663441560094824,Low Risk
664,40,61628,410,2109,120,29,3,1,0.03422145777893165,False,False,False,87.02910030157229,High Risk
665,33,66939,316,23286,36,23,4,1,0.3478689553175279,False,False,False,99.20455475968083,High Risk
666,48,91767,481,18505,36,7,4,1,0.20165200998180174,False,False,False,96.06915059812808,High Risk
667,49,42410,835,22688,60,28,4,0,0.5349681678849328,False,False,True,18.50474744163814,Low Risk
668,33,41497,840,35657,36,29,0,1,0.8592669349591536,False,False,True,45.80178167691159,Medium Risk
669,55,70424,470,19785,36,11,1,1,0.2809411564239464,False,False,False,97.11505174618247,High Risk
670,26,89198,708,15889,60,20,0,0,0.17813179667705553,False,True,False,4.005362164069016,Low Risk
671,38,56092,677,10821,120,9,2,0,0.19291521072523712,False,True,False,7.952281219814686,Low Risk
672,25,85902,487,17500,180,22,1,1,0.20372051873064656,False,False,False,96.03032487753148,High Risk
673,45,61446,529,21284,60,19,3,1,0.34638544412980504,False,False,False,96.31503571009374,High Risk
674,22,49786,418,20426,120,16,4,1,0.410275981199534,False,False,False,98.80875937255432,High Risk
675,30,45139,455,33787,60,10,2,1,0.7485101575134584,False,False,False,99.71857899910276,High Risk
676,50,69441,764,23992,120,1,1,0,0.34550193689607006,False,False,True,38.35011012982257,Medium Risk
677,25,46275,403,18921,60,25,0,1,0.4088816855753647,False,False,False,97.71422257238007,High Risk
678,53,61219,801,14347,120,25,4,0,0.2343553471961319,False,False,True,9.938989499731347,Low Risk
679,21,83751,474,22133,60,3,0,1,0.2642714713854163,False,False,False,96.94203954067927,High Risk
680,38,55398,720,12743,120,0,1,0,0.23002635474204844,False,True,False,8.359445725983166,Low Risk
681,52,79710,433,21438,60,14,1,1,0.2689499435453519,False,False,False,98.11408612326554,High Risk
682,31,41781,690,23899,180,12,2,0,0.5720064143988894,False,True,False,42.166739773770914,Medium Risk
683,41,51991,800,18268,180,7,3,0,0.35136850608759207,False,False,True,26.272651385820005,Low Risk
684,46,38892,332,14957,36,24,0,1,0.3845778052041551,False,False,False,98.35799538549084,High Risk
685,45,61094,354,2517,120,3,2,1,0.04119880839362294,False,False,False,95.1608486262743,High Risk
686,42,71701,818,29150,60,9,4,0,0.4065494205101742,False,False,True,30.559137881314257,Medium Risk
687,47,61127,311,23226,120,18,3,1,0.37996302779459157,False,False,False,99.65846259535111,High Risk
688,33,78405,827,23420,180,17,2,0,0.2987054397041005,False,False,True,20.955056783700307,Low Risk
689,53,48762,672,7509,120,4,0,0,0.15399286329518888,False,True,False,7.206538934758912,Low Risk
690,54,63380,783,31038,60,29,1,1,0.48971284316819186,False,False,True,36.642173447976475,Medium Risk
691,61,52087,527,16278,120,18,4,1,0.31251559890183733,False,False,False,96.75083024518159,High Risk
692,55,65425,606,17689,60,25,0,0,0.2703706534199465,True,False,False,20.888383697354005,Low Risk
693,21,67556,756,11445,180,22,3,0,0.1694150038486589,False,False,True,9.16580144122131,Low Risk
694,41,68735,459,5704,180,26,3,1,0.08298537862806431,False,False,False,91.19922757131191,High Risk
695,26,43941,630,29258,180,21,1,0,0.6658473862679503,True,False,False,70.81513065814435,High Risk
696,48,46653,524,30292,36,15,1,1,0.6493044391571817,False,False,False,99.11611437484868,High Risk
697,37,49435,803,18675,180,0,4,0,0.37776878729644986,False,False,True,30.588730668007617,Medium Risk
698,25,56416,755,14564,120,11,4,0,0.25815371525808284,False,False,True,14.08059955213275,Low Risk
699,51,61307,344,16983,36,23,1,1,0.2770156752083775,False,False,False,98.20749951400835,High Risk
700,25,70621,513,17203,180,1,1,1,0.24359609747808725,False,False,False,97.11189329080213,High Risk
701,58,47278,358,10401,120,20,3,1,0.21999661576208807,False,False,False,98.07436056464293,High Risk
702,23,35984,494,17661,120,24,1,1,0.49080146731880836,False,False,False,97.05363628758998,High Risk
703,43,92336,788,21224,120,7,2,0,0.22985617743891873,False,False,True,19.680107191455164,Low Risk
704,57,43028,456,28145,60,17,0,1,0.6541089523101237,False,False,False,99.48945611566845,High Risk
705,57,72544,525,20113,36,24,1,1,0.2772524261138068,False,False,False,94.47367430945496,High Risk
706,30,60469,711,7389,120,15,4,0,0.12219484363888934,False,True,False,3.4016280822759497,Low Risk
707,30,63769,504,22828,60,4,2,1,0.35797958255578727,False,False,False,97.60384429039097,High Risk
708,39,59976,378,17952,180,25,4,1,0.29931972789115646,False,False,False,99.02932954190577,High Risk
709,37,54227,423,30963,120,29,2,1,0.5709886219042175,False,False,False,99.59311582676162,High Risk
710,41,66959,770,31435,60,21,1,1,0.46946638988037453,False,False,True,38.732664642455525,Medium Risk
711,34,53421,517,31715,120,12,0,1,0.5936803878624511,False,False,False,99.39027855800268,High Risk
712,29,77494,815,15507,36,18,4,0,0.20010581464371435,False,False,True,4.84817939094223,Low Risk
713,21,68526,403,35918,36,28,2,1,0.5241514169804162,False,False,False,99.50090182641556,High Risk
714,33,68993,692,22807,180,2,3,0,0.33056976794747295,False,True,False,31.84424966735473,Medium Risk
715,24,52393,733,33011,120,25,1,1,0.630065085030443,False,True,False,37.76054254180314,Medium Risk
716,21,56454,630,15979,60,7,0,0,0.2830446026853722,True,False,False,15.669694528179976,Low Risk
717,60,42181,442,17611,180,26,1,1,0.41751025343163983,False,False,False,98.91128367637447,High Risk
718,52,54704,839,22192,120,25,3,0,0.40567417373501025,False,False,True,18.701981477584358,Low Risk
719,54,44451,577,21215,180,25,0,1,0.4772671031022924,False,False,False,97.7362847509499,High Risk
720,48,79696,532,30038,60,11,3,1,0.37690724754065447,False,False,False,98.58641212274344,High Risk
721,51,60758,828,18142,180,1,1,0,0.29859442377958456,False,False,True,22.487504540968953,Low Risk
722,28,62557,389,29316,180,10,2,1,0.4686286107070352,False,False,False,99.75553791830069,High Risk
723,59,56622,791,25857,180,11,1,0,0.4566599554943308,False,False,True,50.104714371664286,Medium Risk
724,46,62963,498,18292,120,27,1,1,0.2905198291059829,False,False,False,96.2087256485887,High Risk
725,54,96973,661,25237,60,17,1,0,0.2602476978127933,True,False,False,26.589436509728202,Low Risk
726,23,55497,740,16213,36,12,4,0,0.2921419175811305,False,True,False,5.126048886514523,Low Risk
727,32,50243,325,38801,120,4,3,1,0.772266783432518,False,False,False,99.96475928231054,High Risk
728,21,67945,324,1314,36,21,3,1,0.01933917138862315,False,False,False,87.23483054168565,High Risk
729,64,22114,693,25383,36,11,3,1,1.1478249072985438,False,True,False,68.26417793045452,High Risk
730,25,60959,806,5883,120,1,4,0,0.0965074886399055,False,False,True,4.0796443414855075,Low Risk
731,50,54424,600,18194,120,4,2,0,0.33430104365721003,True,False,False,43.40585674670011,Medium Risk
732,50,45115,638,19315,60,6,1,0,0.4281281170342458,True,False,False,33.83078965422817,Medium Risk
733,37,67616,566,32061,60,25,2,1,0.47416292001893046,False,False,False,98.0613731168557,High Risk
734,43,60809,760,14462,180,25,4,0,0.2378266375043168,False,False,True,16.359861019491362,Low Risk
735,35,32963,755,30464,36,23,3,1,0.924187725631769,False,False,True,62.14632142811058,High Risk
736,57,50302,659,10569,60,11,1,0,0.21011092998290326,True,False,False,10.590974581559944,Low Risk
737,41,16675,367,30773,180,15,0,1,1.8454572713643178,False,False,False,99.99230646932847,High Risk
738,34,64399,711,16205,60,22,0,0,0.25163434214817,False,True,False,5.284924080760105,Low Risk
739,22,64249,790,20587,120,7,2,0,0.320425220626002,False,False,True,18.65552120303704,Low Risk
740,31,48100,348,17308,60,29,3,1,0.3598336798336798,False,False,False,98.29923263149755,High Risk
741,59,68101,401,30258,36,27,0,1,0.44431065623118604,False,False,False,99.36616278324237,High Risk
742,58,40762,515,28701,60,8,2,1,0.7041116726362789,False,False,False,99.47268175280614,High Risk
743,54,45502,737,23548,36,14,4,0,0.5175157135950068,False,True,False,20.375893989723533,Low Risk
744,58,66257,458,10785,120,4,2,1,0.16277525393543324,False,False,False,96.34229580089608,High Risk
745,54,49669,788,14279,36,12,2,0,0.28748313837604944,False,False,True,9.63804329910331,Low Risk
746,38,59060,541,11771,60,4,2,1,0.19930579072130036,False,False,False,89.87300924960864,High Risk
747,50,51545,304,2014,180,10,1,1,0.03907265496168397,False,False,False,97.3003528298514,High Risk
748,35,53836,660,30090,120,9,2,1,0.5589196819971766,True,False,False,62.524910800702635,High Risk
749,47,54491,758,17377,60,19,2,0,0.3188966985373731,False,False,True,14.710377500274104,Low Risk
750,54,49398,547,17292,120,12,1,1,0.3500546580833232,False,False,False,96.54074754897717,High Risk
751,58,64536,721,31968,120,8,1,1,0.49535143175901825,False,True,False,49.04322512301287,Medium Risk
752,53,50581,314,16192,60,20,4,1,0.32012020323837015,False,False,False,99.04958024292608,High Risk
753,44,60235,421,13276,60,13,3,1,0.22040341993857393,False,False,False,96.31608191028067,High Risk
754,35,49069,576,18202,180,17,0,1,0.3709470337687746,False,False,False,96.0199841048597,High Risk
755,50,36985,752,10938,120,14,0,1,0.29574151683114774,False,False,True,13.257582539060502,Low Risk
756,62,73686,689,22754,120,9,2,0,0.30879678636375973,False,True,False,27.549048336856195,Low Risk
757,37,67492,593,17010,60,23,4,1,0.2520298702068393,True,False,False,20.424390244379556,Low Risk
758,25,94330,745,15941,36,6,2,0,0.16899183716739108,False,False,True,8.614281486550174,Low Risk
759,49,44340,509,15248,60,7,0,1,0.34388813712223726,False,False,False,95.72575177803763,High Risk
760,24,56865,601,19150,120,27,1,0,0.33676250769366045,True,False,False,26.118373004560482,Low Risk
761,30,58072,522,20667,60,2,3,1,0.3558857969417275,False,False,False,96.95282850681312,High Risk
762,37,74840,302,15840,180,14,4,1,0.21165152324959915,False,False,False,99.347846391919,High Risk
763,30,52393,817,17129,36,15,1,0,0.3269329872311187,False,False,True,7.266035448753988,Low Risk
764,37,42434,392,19347,60,3,3,1,0.4559315643116369,False,False,False,99.12390123896382,High Risk
765,40,78117,819,18540,180,20,4,0,0.2373363032374515,False,False,True,15.097126769761433,Low Risk
766,44,55250,727,20248,120,5,4,0,0.36647963800904976,False,True,False,19.9636428287888,Low Risk
767,25,73179,792,14586,60,0,0,0,0.1993194768991104,False,False,True,7.1919210875510995,Low Risk
768,54,71432,534,28036,120,3,1,1,0.3924851607122858,False,False,False,99.02150429903338,High Risk
769,26,59551,460,20774,180,10,4,1,0.34884384813017416,False,False,False,98.86821466940646,High Risk
770,22,57385,630,15969,120,11,4,0,0.27827829572187857,True,False,False,22.075288309226572,Low Risk
771,33,54126,632,22755,180,25,3,0,0.42040793703580537,True,False,False,45.141976259729496,Medium Risk
772,63,59772,349,19405,180,28,0,1,0.32465033795088,False,False,False,99.411577512169,High Risk
773,63,72946,822,6129,180,4,2,0,0.08402105667205878,False,False,True,6.6796201106597435,Low Risk
774,31,48053,791,22727,60,22,0,0,0.4729569433750234,False,False,True,17.710387630756365,Low Risk
775,43,61632,571,11843,120,28,2,1,0.19215667185877466,False,False,False,86.20448139447593,High Risk
776,36,43220,551,27475,120,20,1,1,0.6357010643220731,False,False,False,98.85399019228534,High Risk
777,51,45088,389,18066,36,15,1,1,0.4006831085876508,False,False,False,98.54832659971487,High Risk
778,31,59535,745,26240,36,12,4,0,0.44074913916183756,False,False,True,32.715929559778665,Medium Risk
779,36,30597,631,14958,36,12,1,1,0.48887145798607706,True,False,False,21.89130524375852,Low Risk
780,28,90908,438,20559,36,16,4,1,0.22615171382056584,False,False,False,96.5875587430237,High Risk
781,24,42104,656,29681,120,26,0,0,0.7049448983469504,True,False,False,57.13569321576699,Medium Risk
782,60,59398,573,17847,180,6,1,1,0.30046466210983536,False,False,False,97.28847399618707,High Risk
783,24,77523,318,15273,180,7,0,1,0.1970124995162726,False,False,False,99.03224321631241,High Risk
784,45,47056,610,25240,60,12,0,0,0.5363821829309758,True,False,False,52.26899713458985,Medium Risk
785,23,25459,453,25085,180,22,1,1,0.9853097136572528,False,False,False,99.75323428759951,High Risk
786,52,53325,689,15610,120,26,0,0,0.2927332395686826,False,True,False,10.447690889320763,Low Risk
787,23,46877,559,4116,120,15,1,1,0.0878042536851761,False,False,False,73.61747014019731,High Risk
788,47,25854,424,15119,120,29,1,1,0.5847837858745262,False,False,False,98.62322324361878,High Risk
789,49,64273,653,25418,60,28,1,0,0.3954693261556174,True,False,False,30.080241007964887,Medium Risk
790,52,63106,572,13799,36,3,2,1,0.21866383545146262,False,False,False,90.06331598556443,High Risk
791,39,77134,544,19912,180,7,0,1,0.25814815775144556,False,False,False,97.16044835029197,High Risk
792,41,43187,749,14740,120,15,3,0,0.34130641165165443,False,False,True,19.062907597516915,Low Risk
793,25,36012,546,4542,120,20,1,1,0.12612462512495834,False,False,False,76.91764507360043,High Risk
794,38,53899,819,14596,36,9,0,0,0.2708027978255626,False,False,True,6.124604753453499,Low Risk
795,48,58674,440,25385,120,24,4,1,0.4326447830384838,False,False,False,99.23909241413935,High Risk
796,62,73820,661,1037,180,11,1,0,0.01404768355459225,True,False,False,6.0858332317604225,Low Risk
797,42,81158,307,22017,60,11,1,1,0.27128564035584907,False,False,False,99.30637167701755,High Risk
798,41,78217,777,10511,120,25,3,0,0.13438255110781544,False,False,True,5.685831596195746,Low Risk
799,26,64148,651,24867,180,4,2,0,0.38765043337282534,True,False,False,51.26672773386183,Medium Risk
800,21,71992,794,25714,120,15,2,0,0.3571785753972664,False,False,True,23.745466491836748,Low Risk
801,25,50392,726,18624,36,0,1,0,0.36958247340847755,False,True,False,9.5524996624368,Low Risk
802,61,62525,338,18642,120,27,0,1,0.2981527389044382,False,False,False,99.12798952134048,High Risk
803,32,42130,486,13549,120,8,4,1,0.32159981011155947,False,False,False,96.67673504489301,High Risk
804,46,60940,392,9235,60,11,4,1,0.15154250082047915,False,False,False,95.65483170467279,High Risk
805,54,61329,385,33584,36,4,0,1,0.5476039067977629,False,False,False,99.78604163891409,High Risk
806,34,85831,343,13079,36,21,1,1,0.15238084142093183,False,False,False,95.89072368758981,High Risk
807,46,56565,436,32542,60,19,4,1,0.5753027490497657,False,False,False,99.62961181972882,High Risk
808,47,61350,720,13123,120,21,2,0,0.2139038304808476,False,True,False,6.316833331940648,Low Risk
809,29,63554,373,24201,180,27,0,1,0.38079428517481195,False,False,False,99.37315983053574,High Risk
810,46,53177,847,10897,36,23,3,0,0.20491942005002162,False,False,True,2.923960596725524,Low Risk
811,42,47962,811,24187,36,2,1,0,0.5042950669279846,False,False,True,26.11391887920995,Low Risk
812,50,79482,455,17395,120,4,0,1,0.21885458342769432,False,False,False,97.7975860972933,High Risk
813,63,45286,554,17499,120,1,4,1,0.3864108112882569,False,False,False,97.90702529279649,High Risk
814,37,40081,470,24880,36,13,1,1,0.6207429954342456,False,False,False,98.93552226658947,High Risk
815,46,70203,469,16246,120,1,2,1,0.23141461191117188,False,False,False,97.63549916812732,High Risk
816,56,77367,621,8574,180,12,1,0,0.11082244367753694,True,False,False,16.36122194990916,Low Risk
817,21,53228,755,26090,36,6,1,0,0.4901555572255204,False,False,True,30.772335572453287,Medium Risk
818,28,53459,454,10832,180,9,2,1,0.2026225705680989,False,False,False,96.41205842393099,High Risk
819,55,64238,648,24132,180,12,2,0,0.3756654939443943,True,False,False,54.57863400726859,Medium Risk
820,35,49382,750,27783,120,15,1,0,0.5626139079016645,False,False,True,50.67467398959283,Medium Risk
821,42,48274,472,16996,180,25,2,1,0.35207357998094213,False,False,False,97.98085540656439,High Risk
822,34,73193,309,29458,120,13,0,1,0.40247018157474074,False,False,False,99.77313497173856,High Risk
823,46,69106,564,23854,60,10,2,1,0.3451798686076462,False,False,False,96.59927345784331,High Risk
824,48,79667,737,14433,120,9,2,0,0.18116660599746445,False,True,False,7.079994824377896,Low Risk
825,43,41211,546,31211,180,5,1,1,0.7573463395695325,False,False,False,99.71439627068631,High Risk
826,34,52463,845,10866,60,3,0,0,0.2071173970226636,False,False,True,3.927257882511538,Low Risk
827,44,64217,798,16986,120,20,3,0,0.26450939782300636,False,False,True,12.620326681710297,Low Risk
828,22,46115,428,18349,180,0,3,1,0.3978965629404749,False,False,False,99.1639373665165,High Risk
829,46,69625,626,24841,36,6,4,0,0.3567827648114901,True,False,False,40.78720275675273,Medium Risk
830,34,78369,703,28923,36,23,2,0,0.36906174635378786,False,True,False,17.599419055761267,Low Risk
831,27,51249,658,28422,120,8,2,0,0.5545864309547504,True,False,False,57.34501221714668,Medium Risk
832,23,60578,316,21789,120,7,0,1,0.3596850341708211,False,False,False,99.48809648497084,High Risk
833,43,81834,573,17757,36,4,3,1,0.21698804897719773,False,False,False,91.6929582699437,High Risk
834,63,86989,415,5392,180,18,4,1,0.06198484865902586,False,False,False,95.52301193090103,High Risk
835,38,71187,390,9486,180,9,0,1,0.13325466728475704,False,False,False,97.17676368970861,High Risk
836,58,68901,381,34133,180,10,2,1,0.4953919391590833,False,False,False,99.90223595508617,High Risk
837,55,47193,623,5311,120,24,3,0,0.1125378763799716,True,False,False,8.410097764784636,Low Risk
838,35,65388,413,13724,60,14,4,1,0.20988560592157582,False,False,False,96.21878564103908,High Risk
839,45,68352,357,29156,60,5,1,1,0.4265566479400749,False,False,False,99.6779181828371,High Risk
840,57,56844,453,21677,60,14,3,1,0.3813419182323552,False,False,False,98.6102062879229,High Risk
841,48,51078,703,27424,60,4,4,0,0.5369043423783233,False,True,False,39.14856197107009,Medium Risk
842,30,40780,565,24342,60,28,0,1,0.5969102501226091,False,False,False,96.62457376099103,High Risk
843,59,33934,614,31756,120,18,1,1,0.935816585135852,True,False,False,88.05768273240571,High Risk
844,37,30781,340,22363,120,21,4,1,0.7265196062506092,False,False,False,99.76725967675722,High Risk
845,59,68691,404,25307,60,18,4,1,0.36841798780043966,False,False,False,99.26508339092376,High Risk
846,42,62215,492,14206,120,9,2,1,0.22833721771277024,False,False,False,95.88252216833583,High Risk
847,46,52742,700,24690,120,11,3,0,0.46812786773349513,False,True,False,33.59395872107615,Medium Risk
848,64,55028,577,16830,60,21,2,1,0.3058442974485716,False,False,False,92.8432858217691,High Risk
849,45,63157,653,16375,180,3,1,0,0.25927450638884053,True,False,False,31.38827686951592,Medium Risk
850,37,57531,555,27157,120,17,4,1,0.47204116041786165,False,False,False,98.51018397202239,High Risk
851,33,39891,398,27212,180,15,2,1,0.6821588829560552,False,False,False,99.80575958429837,High Risk
852,40,73695,581,33507,120,7,3,1,0.45467128027681664,True,False,False,78.92936162904773,High Risk
853,45,64561,702,32986,120,3,1,1,0.5109276498195505,False,True,False,54.506174206985904,Medium Risk
854,24,63988,408,27338,60,24,0,1,0.4272363568169032,False,False,False,98.8657566589424,High Risk
855,30,72563,498,6236,120,22,2,1,0.08593911497595193,False,False,False,83.51239424397548,High Risk
856,23,47795,602,34621,36,11,1,1,0.7243644732712626,True,False,False,74.06101106617523,High Risk
857,61,78205,626,27343,36,1,0,0,0.3496323764465188,True,False,False,48.694619165891396,Medium Risk
858,38,57899,453,13873,60,3,2,1,0.23960690167360404,False,False,False,96.07813290444011,High Risk
859,56,73328,704,25831,180,4,1,0,0.35226652847479817,False,True,False,40.575282618170995,Medium Risk
860,42,71016,761,11701,180,2,1,0,0.1647656866058353,False,False,True,15.115571365725117,Low Risk
861,54,44417,431,24949,180,8,2,1,0.5616993493482225,False,False,False,99.72851562454602,High Risk
862,28,67543,383,9469,36,28,1,1,0.14019217387442073,False,False,False,90.89708646044834,High Risk
863,60,64894,698,13534,180,20,4,0,0.20855549049218725,False,True,False,13.12922455742333,Low Risk
864,64,60454,408,25679,180,17,2,1,0.4247692460383101,False,False,False,99.68332518374675,High Risk
865,39,58584,520,28583,60,10,1,1,0.48789771951386046,False,False,False,98.71356020575605,High Risk
866,62,58711,667,22603,180,2,0,0,0.384987481051251,True,False,False,53.65140295415931,Medium Risk
867,61,72190,446,17710,36,29,0,1,0.24532483723507412,False,False,False,95.70148525451782,High Risk
868,57,68668,411,3081,36,24,4,1,0.04486806081435312,False,False,False,86.54685244824148,High Risk
869,26,60457,793,18327,36,22,2,0,0.3031410754751311,False,False,True,7.757745116905625,Low Risk
870,46,37620,804,24267,60,1,1,1,0.6450558213716109,False,False,True,39.493322502962776,Medium Risk
871,54,67416,774,17465,60,8,1,0,0.259063130414145,False,False,True,14.594995087792704,Low Risk
872,26,70854,570,19819,120,13,0,1,0.2797160357919101,False,False,False,93.93233772136283,High Risk
873,57,94506,720,18515,180,3,4,0,0.195913486974372,False,True,False,19.595493056408518,Low Risk
874,53,76131,666,17426,60,28,0,0,0.2288949311055943,True,False,False,11.402735781780859,Low Risk
875,42,31512,579,20607,36,8,0,1,0.6539413556740289,False,False,False,97.03956094630337,High Risk
876,41,61176,582,17818,36,12,4,1,0.2912580096769975,True,False,False,27.818896378907688,Low Risk
877,26,87170,339,31546,60,17,2,1,0.36189055867844444,False,False,False,99.57210842873177,High Risk
878,26,69353,488,2348,60,14,1,1,0.03385578129280637,False,False,False,72.6992672807354,High Risk
879,24,64929,463,15633,60,27,2,1,0.24077068798225754,False,False,False,92.95058301163544,High Risk
880,50,73503,835,13037,120,9,3,0,0.17736691019414175,False,False,True,7.596457034351623,Low Risk
881,31,50664,835,21752,36,15,3,0,0.42933838623085424,False,False,True,12.379900342315379,Low Risk
882,50,67171,303,20617,120,11,3,1,0.30693305146566224,False,False,False,99.59919108668626,High Risk
883,51,56242,589,32977,120,19,4,1,0.5863411685217453,True,False,False,81.36894239420992,High Risk
884,44,59705,732,35609,180,4,0,1,0.5964157105770036,False,True,False,65.62604872446856,High Risk
885,29,72426,770,13815,36,1,2,0,0.19074641703255737,False,False,True,7.628041177988801,Low Risk
886,23,46099,480,20004,36,9,1,1,0.433935660209549,False,False,False,97.04706622823963,High Risk
887,51,79319,547,21570,60,0,3,1,0.2719398882991465,False,False,False,96.78514505583881,High Risk
888,60,53657,578,13617,60,6,2,1,0.2537786309335222,False,False,False,91.82912461175464,High Risk
889,57,63909,553,25027,180,25,3,1,0.39160368649173044,False,False,False,98.54737736656367,High Risk
890,56,38992,480,18083,120,16,3,1,0.46376179729175215,False,False,False,98.58543950171763,High Risk
891,44,70797,808,11458,60,15,1,0,0.1618430159470034,False,False,True,4.4118685016754995,Low Risk
892,51,81697,625,17763,60,26,4,0,0.21742536445646718,True,False,False,17.490196173969576,Low Risk
893,26,52280,656,12018,36,26,0,0,0.22987758224942617,True,False,False,5.588962501340973,Low Risk
894,22,43346,690,28293,36,23,4,0,0.6527245881972962,False,True,False,29.998129202135203,Low Risk
895,40,64169,384,35212,60,2,2,1,0.5487384874316259,False,False,False,99.83009326384169,High Risk
896,48,81822,616,21958,36,13,4,0,0.268363031947398,True,False,False,28.967437574728372,Low Risk
897,31,38252,511,20890,180,9,2,1,0.5461152358046638,False,False,False,98.96798724597511,High Risk
898,24,43405,814,21219,60,21,2,0,0.48886073033060706,False,False,True,14.205617084762471,Low Risk
899,35,53187,683,29457,36,6,0,0,0.5538383439562299,False,True,False,36.114399274864766,Medium Risk
900,26,47694,641,29285,180,25,1,0,0.6140185348261836,True,False,False,64.36450646315225,High Risk
901,50,47742,337,19074,36,16,0,1,0.3995224330777931,False,False,False,99.05025305525676,High Risk
902,58,28588,810,22020,36,29,4,1,0.7702532531131944,False,False,True,30.427333987274007,Medium Risk
903,22,68835,719,25221,36,5,2,0,0.36639790804096756,False,True,False,14.668474063863664,Low Risk
904,35,65080,468,10898,60,22,3,1,0.16745543945912722,False,False,False,90.3579801147768,High Risk
905,31,34517,642,29700,120,21,3,1,0.8604455775415013,True,False,False,74.6513313007691,High Risk
906,28,81857,605,33878,36,3,2,1,0.4138680870298203,True,False,False,61.1241787919795,High Risk
907,46,85216,841,29320,180,16,0,0,0.344066841907623,False,False,True,32.59849083823801,Medium Risk
908,64,48736,836,10035,60,26,1,0,0.20590528562048588,False,False,True,3.7280049968811646,Low Risk
909,25,77498,411,4239,60,8,0,1,0.054698185759632506,False,False,False,86.66271918242894,High Risk
910,26,51405,710,25669,180,3,2,0,0.4993483124209707,False,True,False,40.56418615883604,Medium Risk
911,46,62716,505,13918,36,6,2,1,0.22192104088270936,False,False,False,93.2672138314327,High Risk
912,24,47463,484,22297,120,22,1,1,0.46977645745106716,False,False,False,98.14251658300914,High Risk
913,39,93213,681,32281,36,1,4,1,0.3463143552937895,False,True,False,36.549441455262375,Medium Risk
914,40,55559,795,14744,180,16,4,0,0.2653755467161036,False,False,True,15.893820656841212,Low Risk
915,53,61896,678,16979,60,23,1,0,0.27431497996639526,False,True,False,9.690471427905088,Low Risk
916,40,49680,346,22213,120,7,4,1,0.447121578099839,False,False,False,99.65327344486323,High Risk
917,32,87919,827,9619,60,22,3,0,0.10940752283351722,False,False,True,2.2455272436758555,Low Risk
918,21,88299,803,13937,180,29,4,0,0.15783870712012593,False,False,True,6.666252894918653,Low Risk
919,46,84463,321,20198,36,14,4,1,0.23913429549033305,False,False,False,98.98193948405807,High Risk
920,34,74346,512,17596,120,14,4,1,0.23667715815242246,False,False,False,95.88361760030232,High Risk
921,58,50628,609,24867,60,7,3,0,0.4911708935766769,True,False,False,58.54667810098957,Medium Risk
922,57,72417,571,42127,60,15,4,1,0.5817280472817156,False,False,False,99.61221636074917,High Risk
923,31,59894,501,20793,60,18,3,1,0.3471633218686346,False,False,False,96.42905907918671,High Risk
924,56,79686,331,13266,36,10,1,1,0.16647842782922972,False,False,False,97.85531918902666,High Risk
925,33,76738,742,31345,120,1,0,1,0.4084677734629519,False,False,True,55.58338413374679,Medium Risk
926,63,50261,461,7289,36,22,1,1,0.14502298004416944,False,False,False,89.07513330981132,High Risk
927,23,74217,553,8888,36,23,0,1,0.11975692900548392,False,False,False,69.1488297541696,High Risk
928,53,70230,820,15239,36,16,1,0,0.2169870425743984,False,False,True,5.962884143974309,Low Risk
929,26,18396,779,17736,180,27,0,1,0.964122635355512,False,False,True,45.23800659802577,Medium Risk
930,30,72014,309,15047,180,25,0,1,0.20894548282278447,False,False,False,98.81296166969497,High Risk
931,25,53523,804,19747,180,15,2,0,0.3689441922164303,False,False,True,21.286646957117064,Low Risk
932,43,46709,735,22197,120,24,0,0,0.4752189085615192,False,True,False,16.996337548942673,Low Risk
933,30,47351,410,28551,36,14,0,1,0.602965090494393,False,False,False,99.4168596832329,High Risk
934,64,57971,452,20729,36,12,2,1,0.35757533939383485,False,False,False,98.34066556880933,High Risk
935,22,67200,401,15504,180,14,4,1,0.2307142857142857,False,False,False,98.31029230891033,High Risk
936,33,39518,490,28117,36,26,4,1,0.7114985576193127,False,False,False,99.05996459619394,High Risk
937,60,62847,380,13458,36,3,2,1,0.21413909971836365,False,False,False,97.8662872367943,High Risk
938,22,68651,788,6939,60,15,3,0,0.10107645919214578,False,False,True,2.5462181482673114,Low Risk
939,40,87927,387,29647,36,29,0,1,0.3371774312782194,False,False,False,98.94624866781574,High Risk
940,21,43849,493,29134,60,11,0,1,0.6644165203311364,False,False,False,99.14143840378208,High Risk
941,57,54755,403,13661,36,29,2,1,0.2494931969683134,False,False,False,95.98704280960042,High Risk
942,29,63924,395,16807,120,3,2,1,0.2629215943933421,False,False,False,98.52296003529459,High Risk
943,37,77211,722,12664,180,2,3,0,0.16401808032534224,False,True,False,9.550749043379149,Low Risk
944,29,55436,497,22612,60,21,4,1,0.40789378743055055,False,False,False,97.31025096714009,High Risk
945,31,77979,300,33856,180,16,1,1,0.4341681734826043,False,False,False,99.89886261496615,High Risk
946,35,30939,706,25623,60,21,4,1,0.8281780277319888,False,True,False,38.97447944204062,Medium Risk
947,44,41199,677,28285,60,17,0,0,0.686545789946358,False,True,False,43.10327659758563,Medium Risk
948,58,65229,466,26557,60,24,2,1,0.407134863327661,False,False,False,98.7757926402487,High Risk
949,55,38837,808,19999,120,17,3,1,0.5149470865411849,False,False,True,28.40599191437585,Low Risk
950,50,42382,612,28666,36,22,4,0,0.6763720447359728,True,False,False,64.04152664491838,High Risk
951,51,52083,717,25960,60,27,3,0,0.4984351899852159,False,True,False,22.171382237920657,Low Risk
952,25,71571,776,31515,120,16,4,1,0.4403319780357966,False,False,True,44.80392934124032,Medium Risk
953,64,31560,372,16323,60,11,0,1,0.5172053231939163,False,False,False,99.21682083435583,High Risk
954,34,62554,440,6095,36,22,1,1,0.0974358154554465,False,False,False,83.98590814725566,High Risk
955,31,75494,561,28362,60,20,3,1,0.37568548493920045,False,False,False,96.96486020899782,High Risk
956,29,57075,639,22798,120,23,3,0,0.3994393342093736,True,False,False,34.11257574780033,Medium Risk
957,54,54467,607,17631,36,3,1,0,0.3237005893476784,True,False,False,29.938926519463553,Low Risk
958,32,66026,544,18078,120,11,3,1,0.2738012298185563,False,False,False,95.40209977604269,High Risk
959,55,57118,814,40437,36,25,3,1,0.7079554606253721,False,False,True,63.997317438951754,High Risk
960,55,80857,636,14862,36,22,4,0,0.18380597845579233,True,False,False,12.1748256836579,Low Risk
961,21,43328,375,13173,180,21,4,1,0.30402972673559825,False,False,False,98.42081804023,High Risk
962,60,59225,474,20682,180,20,1,1,0.3492106373997467,False,False,False,98.84884278884043,High Risk
963,42,63085,408,29443,180,19,0,1,0.46671950542918283,False,False,False,99.68983820220821,High Risk
964,49,54323,482,38227,36,14,3,1,0.7036982493603078,False,False,False,99.7482426443271,High Risk
965,28,16930,491,25258,60,22,0,1,1.4919078558771413,False,False,False,99.79407511890729,High Risk
966,31,57586,364,9836,120,27,1,1,0.17080540409127218,False,False,False,95.79890561973407,High Risk
967,61,73502,773,35766,120,15,1,1,0.48659900410873175,False,False,True,65.71434110105501,High Risk
968,57,71671,399,19844,120,4,4,1,0.276876281899234,False,False,False,99.23355530119,High Risk
969,34,65321,843,13298,180,20,3,0,0.2035792471027694,False,False,True,7.264261158459368,Low Risk
970,50,43532,427,11364,36,14,2,1,0.26104934301203714,False,False,False,95.4973239180527,High Risk
971,55,65929,751,26690,180,16,1,0,0.40482943772846547,False,False,True,52.72313774301022,Medium Risk
972,41,51398,668,21910,60,17,3,0,0.4262811782559633,True,False,False,27.523369656812857,Low Risk
973,57,65302,342,22760,36,4,0,1,0.3485345012403908,False,False,False,99.40373509163254,High Risk
974,25,61822,718,30292,120,12,4,1,0.4899873831322183,False,True,False,36.55870379159601,Medium Risk
975,39,45354,787,13582,180,18,0,0,0.2994664197204216,False,False,True,13.985167534560903,Low Risk
976,34,46613,377,30929,180,29,1,1,0.6635273421577671,False,False,False,99.82824835206557,High Risk
977,46,65325,569,15846,60,12,1,1,0.24257175660160735,False,False,False,90.8300770287842,High Risk
978,24,56683,614,37312,60,17,0,1,0.6582573258296138,True,False,False,73.26661293971625,High Risk
979,45,47395,467,24789,180,13,1,1,0.5230298554699863,False,False,False,99.47671845691397,High Risk
980,62,46157,638,12638,60,29,3,0,0.2738046233507377,True,False,False,13.476081531632534,Low Risk
981,45,55442,492,3796,120,3,1,1,0.06846794848670683,False,False,False,88.15353038127999,High Risk
982,38,83521,752,26471,60,3,4,0,0.31693825504962825,False,False,True,33.67077912523176,Medium Risk
983,60,52108,582,17006,60,19,3,1,0.32636063560297845,True,False,False,32.506348291670406,Medium Risk
984,28,59789,635,18755,180,19,2,0,0.31368646406529627,True,False,False,30.89857987134941,Medium Risk
985,59,61524,689,26129,180,18,1,0,0.42469605357258955,False,True,False,42.638521771745964,Medium Risk
986,60,43034,824,28083,36,12,1,0,0.6525770321141423,False,False,True,39.233218619633604,Medium Risk
987,34,33557,539,29789,36,11,4,1,0.8877134427988199,False,False,False,99.41818632139837,High Risk
988,52,44600,782,10601,180,6,4,0,0.23769058295964127,False,False,True,16.77926219241572,Low Risk
989,58,63706,757,31407,60,24,0,1,0.4929990895677016,False,False,True,45.47264188638953,Medium Risk
990,53,61309,388,15367,60,11,0,1,0.25064835505390726,False,False,False,97.85198738374432,High Risk
991,43,70536,394,1950,36,20,0,1,0.0276454576386526,False,False,False,83.23492099553611,High Risk
992,35,61451,751,10572,36,3,4,0,0.17203951115522936,False,False,True,7.393881839069174,Low Risk
993,53,58356,727,21744,36,26,0,0,0.3726095003084516,False,True,False,9.797892054591637,Low Risk
994,45,50939,450,12169,120,1,0,1,0.2388935785940046,False,False,False,97.02810482921207,High Risk
995,37,73269,813,19295,120,1,2,0,0.26334466145300195,False,False,True,16.67913418635297,Low Risk
996,53,46212,675,22706,36,4,0,0,0.49134423959144813,False,True,False,27.744740558799485,Low Risk
997,22,43344,321,18548,60,22,1,1,0.42792543373938724,False,False,False,98.9039850259357,High Risk
998,34,68505,612,16045,36,9,4,0,0.23421648054886504,True,False,False,17.84745039590313,Low Risk
999,60,40002,818,9994,120,9,3,0,0.24983750812459377,False,False,True,9.472564639296824,Low Risk
1000,60,96221,505,20175,60,8,2,1,0.20967356398291434,False,False,False,96.60064536812025,High Risk
